hour,ts,block,price_quote,amount_stock,price_usd
1782086400,,,,,
1782090000,,,,,
1782093600,,,,,
1782097200,,,,,
1782100800,,,,,
1782104400,,,,,
1782108000,,,,,
1782111600,,,,,
1782115200,,,,,
1782118800,,,,,
1782122400,,,,,
1782126000,,,,,
1782129600,,,,,
1782133200,,,,,
1782136800,,,,,
1782140400,,,,,
1782144000,,,,,
1782147600,,,,,
1782151200,,,,,
1782154800,,,,,
1782158400,,,,,
1782162000,,,,,
1782165600,,,,,
1782169200,,,,,
1782172800,,,,,
1782176400,,,,,
1782180000,,,,,
1782183600,,,,,
1782187200,,,,,
1782190800,,,,,
1782194400,,,,,
1782198000,,,,,
1782201600,,,,,
1782205200,,,,,
1782208800,,,,,
1782212400,,,,,
1782216000,,,,,
1782219600,,,,,
1782223200,,,,,
1782226800,,,,,
1782230400,,,,,
1782234000,,,,,
1782237600,,,,,
1782241200,,,,,
1782244800,,,,,
1782248400,,,,,
1782252000,,,,,
1782255600,,,,,
1782259200,,,,,
1782262800,,,,,
1782266400,,,,,
1782270000,,,,,
1782273600,,,,,
1782277200,,,,,
1782280800,,,,,
1782284400,,,,,
1782288000,,,,,
1782291600,,,,,
1782295200,,,,,
1782298800,,,,,
1782302400,,,,,
1782306000,,,,,
1782309600,,,,,
1782313200,,,,,
1782316800,,,,,
1782320400,,,,,
1782324000,,,,,
1782327600,,,,,
1782331200,,,,,
1782334800,,,,,
1782338400,,,,,
1782342000,,,,,
1782345600,,,,,
1782349200,,,,,
1782352800,,,,,
1782356400,,,,,
1782360000,,,,,
1782363600,,,,,
1782367200,,,,,
1782370800,,,,,
1782374400,,,,,
1782378000,,,,,
1782381600,,,,,
1782385200,,,,,
1782388800,,,,,
1782392400,,,,,
1782396000,,,,,
1782399600,,,,,
1782403200,,,,,
1782406800,,,,,
1782410400,,,,,
1782414000,,,,,
1782417600,,,,,
1782421200,,,,,
1782424800,,,,,
1782428400,,,,,
1782432000,,,,,
1782435600,,,,,
1782439200,,,,,
1782442800,,,,,
1782446400,,,,,
1782450000,,,,,
1782453600,,,,,
1782457200,,,,,
1782460800,,,,,
1782464400,,,,,
1782468000,,,,,
1782471600,,,,,
1782475200,,,,,
1782478800,,,,,
1782482400,,,,,
1782486000,,,,,
1782489600,,,,,
1782493200,,,,,
1782496800,,,,,
1782500400,,,,,
1782504000,,,,,
1782507600,,,,,
1782511200,,,,,
1782514800,,,,,
1782518400,,,,,
1782522000,,,,,
1782525600,,,,,
1782529200,,,,,
1782532800,,,,,
1782536400,,,,,
1782540000,,,,,
1782543600,,,,,
1782547200,,,,,
1782550800,,,,,
1782554400,,,,,
1782558000,,,,,
1782561600,,,,,
1782565200,,,,,
1782568800,,,,,
1782572400,,,,,
1782576000,,,,,
1782579600,,,,,
1782583200,,,,,
1782586800,,,,,
1782590400,,,,,
1782594000,,,,,
1782597600,,,,,
1782601200,,,,,
1782604800,,,,,
1782608400,,,,,
1782612000,,,,,
1782615600,,,,,
1782619200,,,,,
1782622800,,,,,
1782626400,,,,,
1782630000,,,,,
1782633600,,,,,
1782637200,,,,,
1782640800,,,,,
1782644400,,,,,
1782648000,,,,,
1782651600,,,,,
1782655200,,,,,
1782658800,,,,,
1782662400,,,,,
1782666000,,,,,
1782669600,,,,,
1782673200,,,,,
1782676800,,,,,
1782680400,,,,,
1782684000,,,,,
1782687600,,,,,
1782691200,,,,,
1782694800,,,,,
1782698400,,,,,
1782702000,,,,,
1782705600,,,,,
1782709200,,,,,
1782712800,,,,,
1782716400,,,,,
1782720000,,,,,
1782723600,,,,,
1782727200,,,,,
1782730800,,,,,
1782734400,,,,,
1782738000,,,,,
1782741600,,,,,
1782745200,,,,,
1782748800,,,,,
1782752400,,,,,
1782756000,,,,,
1782759600,,,,,
1782763200,,,,,
1782766800,,,,,
1782770400,,,,,
1782774000,,,,,
1782777600,,,,,
1782781200,,,,,
1782784800,,,,,
1782788400,,,,,
1782792000,,,,,
1782795600,,,,,
1782799200,,,,,
1782802800,,,,,
1782806400,,,,,
1782810000,,,,,
1782813600,,,,,
1782817200,,,,,
1782820800,,,,,
1782824400,,,,,
1782828000,,,,,
1782831600,,,,,
1782835200,,,,,
1782838800,,,,,
1782842400,,,,,
1782846000,,,,,
1782849600,,,,,
1782853200,,,,,
1782856800,,,,,
1782860400,,,,,
1782864000,,,,,
1782867600,,,,,
1782871200,,,,,
1782874800,,,,,
1782878400,,,,,
1782882000,,,,,
1782885600,,,,,
1782889200,,,,,
1782892800,,,,,
1782896400,,,,,
1782900000,,,,,
1782903600,,,,,
1782907200,,,,,
1782910800,,,,,
1782914400,,,,,
1782918000,,,,,
1782921600,,,,,
1782925200,,,,,
1782928800,,,,,
1782932400,,,,,
1782936000,,,,,
1782939600,,,,,
1782943200,,,,,
1782946800,,,,,
1782950400,,,,,
1782954000,,,,,
1782957600,,,,,
1782961200,,,,,
1782964800,,,,,
1782968400,,,,,
1782972000,,,,,
1782975600,,,,,
1782979200,,,,,
1782982800,,,,,
1782986400,,,,,
1782990000,,,,,
1782993600,,,,,
1782997200,,,,,
1783000800,,,,,
1783004400,,,,,
1783008000,,,,,
1783011600,,,,,
1783015200,,,,,
1783018800,,,,,
1783022400,,,,,
1783026000,,,,,
1783029600,,,,,
1783033200,,,,,
1783036800,,,,,
1783040400,,,,,
1783044000,,,,,
1783047600,,,,,
1783051200,,,,,
1783054800,,,,,
1783058400,,,,,
1783062000,,,,,
1783065600,,,,,
1783069200,,,,,
1783072800,,,,,
1783076400,,,,,
1783080000,,,,,
1783083600,,,,,
1783087200,,,,,
1783090800,,,,,
1783094400,,,,,
1783098000,,,,,
1783101600,,,,,
1783105200,,,,,
1783108800,,,,,
1783112400,,,,,
1783116000,,,,,
1783119600,,,,,
1783123200,,,,,
1783126800,,,,,
1783130400,,,,,
1783134000,,,,,
1783137600,,,,,
1783141200,,,,,
1783144800,,,,,
1783148400,,,,,
1783152000,,,,,
1783155600,,,,,
1783159200,,,,,
1783162800,,,,,
1783166400,,,,,
1783170000,,,,,
1783173600,,,,,
1783177200,,,,,
1783180800,,,,,
1783184400,,,,,
1783188000,,,,,
1783191600,,,,,
1783195200,,,,,
1783198800,,,,,
1783202400,,,,,
1783206000,,,,,
1783209600,,,,,
1783213200,,,,,
1783216800,,,,,
1783220400,,,,,
1783224000,,,,,
1783227600,,,,,
1783231200,,,,,
1783234800,,,,,
1783238400,,,,,
1783242000,,,,,
1783245600,,,,,
1783249200,,,,,
1783252800,,,,,
1783256400,,,,,
1783260000,,,,,
1783263600,,,,,
1783267200,,,,,
1783270800,,,,,
1783274400,,,,,
1783278000,,,,,
1783281600,,,,,
1783285200,,,,,
1783288800,,,,,
1783292400,,,,,
1783296000,,,,,
1783299600,,,,,
1783303200,,,,,
1783306800,,,,,
1783310400,,,,,
1783314000,,,,,
1783317600,,,,,
1783321200,,,,,
1783324800,,,,,
1783328400,,,,,
1783332000,,,,,
1783335600,,,,,
1783339200,,,,,
1783342800,,,,,
1783346400,,,,,
1783350000,,,,,
1783353600,,,,,
1783357200,,,,,
1783360800,,,,,
1783364400,,,,,
1783368000,,,,,
1783371600,,,,,
1783375200,,,,,
1783378800,,,,,
1783382400,,,,,
1783386000,,,,,
1783389600,,,,,
1783393200,,,,,
1783396800,,,,,
1783400400,,,,,
1783404000,,,,,
1783407600,,,,,
1783411200,,,,,
1783414800,,,,,
1783418400,,,,,
1783422000,,,,,
1783425600,,,,,
1783429200,,,,,
1783432800,,,,,
1783436400,,,,,
1783440000,,,,,
1783443600,,,,,
1783447200,,,,,
1783450800,,,,,
1783454400,,,,,
1783458000,,,,,
1783461600,,,,,
1783465200,,,,,
1783468800,,,,,
1783472400,,,,,
1783476000,,,,,
1783479600,,,,,
1783483200,,,,,
1783486800,,,,,
1783490400,,,,,
1783494000,,,,,
1783497600,,,,,
1783501200,,,,,
1783504800,,,,,
1783508400,,,,,
1783512000,,,,,
1783515600,,,,,
1783519200,,,,,
1783522800,,,,,
1783526400,,,,,
1783530000,,,,,
1783533600,,,,,
1783537200,,,,,
1783540800,,,,,
1783544400,,,,,
1783548000,,,,,
1783551600,,,,,
1783555200,,,,,
1783558800,,,,,
1783562400,,,,,
1783566000,,,,,
1783569600,,,,,
1783573200,,,,,
1783576800,,,,,
1783580400,,,,,
1783584000,,,,,
1783587600,,,,,
1783591200,,,,,
1783594800,,,,,
1783598400,,,,,
1783602000,,,,,
1783605600,,,,,
1783609200,,,,,
1783612800,,,,,
1783616400,,,,,
1783620000,,,,,
1783623600,,,,,
1783627200,,,,,
1783630800,,,,,
1783634400,,,,,
1783638000,,,,,
1783641600,,,,,
1783645200,,,,,
1783648800,,,,,
1783652400,,,,,
1783656000,,,,,
1783659600,,,,,
1783663200,,,,,
1783666800,,,,,
1783670400,,,,,
1783674000,,,,,
1783677600,,,,,
1783681200,,,,,
1783684800,,,,,
1783688400,,,,,
1783692000,,,,,
1783695600,,,,,
1783699200,,,,,
1783702800,,,,,
1783706400,,,,,
1783710000,,,,,
1783713600,,,,,
1783717200,,,,,
1783720800,,,,,
1783724400,,,,,
1783728000,,,,,
1783731600,,,,,
1783735200,,,,,
1783738800,,,,,
1783742400,,,,,
1783746000,,,,,
1783749600,,,,,
1783753200,,,,,
1783756800,,,,,
1783760400,,,,,
1783764000,,,,,
1783767600,,,,,
1783771200,,,,,
1783774800,,,,,
1783778400,,,,,
1783782000,,,,,
1783785600,,,,,
1783789200,,,,,
1783792800,,,,,
1783796400,,,,,
1783800000,,,,,
1783803600,,,,,
1783807200,,,,,
1783810800,,,,,
1783814400,,,,,
1783818000,,,,,
1783821600,,,,,
1783825200,,,,,
1783828800,,,,,
1783832400,,,,,
1783836000,,,,,
1783839600,,,,,
1783843200,,,,,
1783846800,,,,,
1783850400,,,,,
1783854000,,,,,
1783857600,,,,,
1783861200,,,,,
1783864800,,,,,
1783868400,,,,,
1783872000,,,,,
1783875600,,,,,
1783879200,,,,,
1783882800,,,,,
1783886400,,,,,
1783890000,,,,,
1783893600,,,,,
1783897200,,,,,
1783900800,,,,,
1783904400,,,,,
1783908000,,,,,
1783911600,,,,,
1783915200,,,,,
1783918800,,,,,
1783922400,,,,,
1783926000,,,,,
1783929600,,,,,
1783933200,,,,,
1783936800,,,,,
1783940400,,,,,
1783944000,,,,,
1783947600,,,,,
1783951200,,,,,
1783954800,,,,,
1783958400,,,,,
1783962000,,,,,
1783965600,,,,,
1783969200,,,,,
1783972800,,,,,
1783976400,,,,,
1783980000,,,,,
1783983600,,,,,
1783987200,,,,,
1783990800,,,,,
1783994400,,,,,
1783998000,,,,,
1784001600,,,,,
1784005200,,,,,
1784008800,,,,,
1784012400,,,,,
1784016000,,,,,
1784019600,,,,,
1784023200,,,,,
1784026800,,,,,
1784030400,,,,,
1784034000,,,,,
1784037600,,,,,
1784041200,,,,,
1784044800,,,,,
1784048400,,,,,
1784052000,,,,,
1784055600,,,,,
1784059200,,,,,
1784062800,,,,,
1784066400,,,,,
1784070000,,,,,
1784073600,,,,,
1784077200,,,,,
1784080800,,,,,
1784084400,,,,,
1784088000,,,,,
1784091600,,,,,
1784095200,,,,,
1784098800,,,,,
1784102400,,,,,
1784106000,,,,,
1784109600,,,,,
1784113200,,,,,
1784116800,,,,,
1784120400,,,,,
1784124000,,,,,
1784127600,,,,,
1784131200,,,,,
1784134800,,,,,
1784138400,,,,,
1784142000,,,,,
1784145600,,,,,
1784149200,,,,,
1784152800,,,,,
1784156400,,,,,
1784160000,,,,,
1784163600,,,,,
1784167200,,,,,
1784170800,,,,,
1784174400,,,,,
1784178000,,,,,
1784181600,,,,,
1784185200,,,,,
1784188800,,,,,
1784192400,,,,,
1784196000,,,,,
1784199600,,,,,
1784203200,,,,,
1784206800,,,,,
1784210400,,,,,
1784214000,,,,,
1784217600,,,,,
1784221200,,,,,
1784224800,,,,,
1784228400,,,,,
1784232000,,,,,
1784235600,,,,,
1784239200,,,,,
1784242800,,,,,
1784246400,,,,,
1784250000,,,,,
1784253600,,,,,
1784257200,,,,,
1784260800,,,,,
1784264400,,,,,
1784268000,,,,,
1784271600,,,,,
1784275200,,,,,
1784278800,,,,,
1784282400,,,,,
1784286000,,,,,
1784289600,,,,,
1784293200,,,,,
1784296800,,,,,
1784300400,,,,,
1784304000,,,,,
1784307600,,,,,
1784311200,,,,,
1784314800,,,,,
1784318400,,,,,
1784322000,,,,,
1784325600,,,,,
1784329200,,,,,
1784332800,,,,,
1784336400,,,,,
1784340000,,,,,
1784343600,,,,,
1784347200,,,,,
1784350800,,,,,
1784354400,,,,,
1784358000,,,,,
1784361600,,,,,
1784365200,,,,,
1784368800,,,,,
1784372400,,,,,
1784376000,,,,,
1784379600,,,,,
1784383200,,,,,
1784386800,,,,,
1784390400,,,,,
1784394000,,,,,
1784397600,,,,,
1784401200,,,,,
1784404800,,,,,
1784408400,,,,,
1784412000,,,,,
1784415600,,,,,
1784419200,,,,,
1784422800,,,,,
1784426400,,,,,
1784430000,,,,,
1784433600,,,,,
1784437200,,,,,
1784440800,,,,,
1784444400,,,,,
1784448000,,,,,
1784451600,,,,,
1784455200,,,,,
1784458800,,,,,
1784462400,,,,,
1784466000,,,,,
1784469600,,,,,
1784473200,,,,,
1784476800,,,,,
1784480400,,,,,
1784484000,,,,,
1784487600,,,,,
1784491200,,,,,
1784494800,,,,,
1784498400,,,,,
1784502000,,,,,
1784505600,,,,,
1784509200,,,,,
1784512800,,,,,
1784516400,,,,,
1784520000,,,,,
1784523600,,,,,
1784527200,,,,,
1784530800,,,,,
1784534400,,,,,
1784538000,,,,,
1784541600,,,,,
1784545200,,,,,
1784548800,,,,,
1784552400,,,,,
1784556000,,,,,
1784559600,,,,,
1784563200,,,,,
1784566800,,,,,
1784570400,,,,,
1784574000,,,,,
1784577600,,,,,
1784581200,,,,,
1784584800,,,,,
1784588400,,,,,
1784592000,,,,,
1784595600,,,,,
1784599200,,,,,
1784602800,,,,,
1784606400,,,,,
1784610000,,,,,
1784613600,,,,,
1784617200,,,,,
1784620800,,,,,
1784624400,,,,,
1784628000,,,,,
1784631600,,,,,
1784635200,,,,,
1784638800,,,,,
1784642400,,,,,
1784646000,,,,,
1784649600,,,,,
1784653200,,,,,
1784656800,,,,,
1784660400,,,,,
1784664000,,,,,
1784667600,,,,,
1784671200,,,,,
1784674800,,,,,
1784678400,,,,,
1784682000,,,,,
1784685600,,,,,
1784689200,,,,,
1784692800,,,,,
1784696400,,,,,
1784700000,,,,,
1784703600,,,,,
1784707200,,,,,
1784710800,,,,,
1784714400,,,,,
1784718000,,,,,
1784721600,,,,,
1784725200,,,,,
1784728800,,,,,
1784732400,,,,,
1784736000,,,,,
1784739600,,,,,
1784743200,,,,,
1784746800,,,,,
1784750400,,,,,
1784754000,,,,,
1784757600,,,,,
1784761200,,,,,
1784764800,,,,,
1784768400,,,,,
1784772000,,,,,
1784775600,,,,,
1784779200,,,,,
1784782800,,,,,
1784786400,,,,,
1784790000,,,,,
1784793600,,,,,
1784797200,,,,,
1784800800,,,,,
1784804400,,,,,
1784808000,,,,,
1784811600,,,,,
1784815200,,,,,
1784818800,,,,,
1784822400,,,,,
1784826000,,,,,
1784829600,,,,,
1784833200,,,,,
1784836800,,,,,
1784840400,,,,,
1784844000,,,,,
1784847600,,,,,
1784851200,,,,,
1784854800,,,,,
1784858400,,,,,
1784862000,,,,,
1784865600,,,,,
1784869200,,,,,
1784872800,,,,,
1784876400,,,,,
1784880000,,,,,
1784883600,,,,,
1784887200,,,,,
1784890800,,,,,
1784894400,,,,,
1784898000,,,,,
1784901600,,,,,
1784905200,,,,,
1784908800,,,,,
1784912400,,,,,
1784916000,,,,,
1784919600,,,,,
1784923200,,,,,
1784926800,,,,,
1784930400,,,,,
1784934000,,,,,
1784937600,,,,,
1784941200,,,,,
1784944800,,,,,
1784948400,,,,,
1784952000,,,,,
1784955600,,,,,
1784959200,,,,,
1784962800,,,,,
1784966400,,,,,
1784970000,,,,,
1784973600,,,,,
1784977200,,,,,
1784980800,,,,,
1784984400,,,,,
1784988000,,,,,
1784991600,,,,,
1784995200,,,,,
1784998800,,,,,
1785002400,,,,,
1785006000,,,,,
1785009600,,,,,
1785013200,,,,,
1785016800,,,,,
1785020400,,,,,
1785024000,,,,,
1785027600,,,,,
1785031200,,,,,
1785034800,,,,,
1785038400,,,,,
1785042000,,,,,
1785045600,,,,,
1785049200,,,,,
1785052800,,,,,
1785056400,,,,,
1785060000,,,,,
1785063600,,,,,
1785067200,,,,,
1785070800,,,,,
1785074400,,,,,
1785078000,,,,,
1785081600,,,,,
1785085200,,,,,
1785088800,,,,,
1785092400,,,,,
1785096000,,,,,
1785099600,,,,,
1785103200,,,,,
1785106800,,,,,
1785110400,,,,,
1785114000,,,,,
1785117600,,,,,
1785121200,,,,,
1785124800,,,,,
1785128400,,,,,
1785132000,,,,,
1785135600,,,,,
1785139200,,,,,
1785142800,,,,,
1785146400,,,,,
1785150000,,,,,
1785153600,,,,,
1785157200,,,,,
1785160800,,,,,
1785164400,,,,,
1785168000,,,,,
1785171600,,,,,
1785175200,,,,,
1785178800,,,,,
1785182400,,,,,
1785186000,,,,,
1785189600,,,,,
1785193200,,,,,
1785196800,,,,,
1785200400,,,,,
1785204000,,,,,
1785207600,,,,,
1785211200,,,,,
1785214800,,,,,
1785218400,,,,,
1785222000,,,,,
1785225600,,,,,
1785229200,,,,,
1785232800,,,,,
1785236400,,,,,
1785240000,,,,,
1785243600,,,,,
1785247200,,,,,
1785250800,,,,,
1785254400,,,,,
1785258000,,,,,
1785261600,,,,,
1785265200,,,,,
1785268800,,,,,
1785272400,,,,,
1785276000,,,,,
1785279600,,,,,
1785283200,,,,,
1785286800,,,,,
1785290400,,,,,
1785294000,,,,,
1785297600,,,,,
1785301200,,,,,
1785304800,,,,,
1785308400,,,,,
1785312000,,,,,
1785315600,,,,,
1785319200,,,,,
1785322800,,,,,
1785326400,,,,,
1785330000,,,,,
1785333600,,,,,
1785337200,,,,,
1785340800,,,,,
1785344400,,,,,
1785348000,,,,,
1785351600,,,,,
1785355200,,,,,
1785358800,,,,,
1785362400,,,,,
1785366000,,,,,
1785369600,,,,,
1785373200,,,,,
1785376800,,,,,
1785380400,,,,,
1785384000,,,,,
1785387600,,,,,
1785391200,,,,,
1785394800,,,,,
1785398400,,,,,
1785402000,,,,,
1785405600,,,,,
1785409200,,,,,
1785412800,,,,,
1785416400,,,,,
1785420000,,,,,
1785423600,,,,,
1785427200,,,,,
1785430800,,,,,
1785434400,,,,,
1785438000,,,,,
1785441600,,,,,
1785445200,,,,,
1785448800,,,,,
1785452400,,,,,
1785456000,,,,,
1785459600,,,,,
1785463200,,,,,
1785466800,,,,,
1785470400,,,,,
1785474000,,,,,
1785477600,,,,,
1785481200,,,,,
1785484800,,,,,
1785488400,,,,,
1785492000,,,,,
1785495600,,,,,
1785499200,,,,,
1785502800,,,,,
1785506400,,,,,
1785510000,,,,,
1785513600,,,,,
1785517200,,,,,
1785520800,,,,,
1785524400,,,,,
1785528000,,,,,
1785531600,,,,,
1785535200,,,,,
1785538800,,,,,
1785542400,,,,,
1785546000,,,,,
1785549600,,,,,
1785553200,,,,,
1785556800,,,,,
1785560400,,,,,
1785564000,,,,,
1785567600,,,,,
1785571200,,,,,
1785574800,,,,,
1785578400,,,,,
1785582000,,,,,
1785585600,,,,,
1785589200,,,,,
1785592800,,,,,
1785596400,,,,,
1785600000,,,,,
1785603600,,,,,
1785607200,,,,,
1785610800,,,,,
1785614400,,,,,
1785618000,,,,,
1785621600,,,,,
1785625200,,,,,
1785628800,,,,,
1785632400,,,,,
1785636000,,,,,
1785639600,,,,,
1785643200,,,,,
1785646800,,,,,
1785650400,,,,,
1785654000,,,,,
1785657600,,,,,
1785661200,,,,,
1785664800,,,,,
1785668400,,,,,
1785672000,,,,,
1785675600,,,,,
1785679200,,,,,
1785682800,,,,,
1785686400,,,,,
1785690000,,,,,
1785693600,,,,,
1785697200,,,,,
1785700800,,,,,
1785704400,,,,,
1785708000,,,,,
1785711600,,,,,
1785715200,,,,,
1785718800,,,,,
1785722400,,,,,
1785726000,,,,,
1785729600,,,,,
1785733200,,,,,
1785736800,,,,,
1785740400,,,,,
1785744000,,,,,
1785747600,,,,,
1785751200,,,,,
1785754800,,,,,
1785758400,,,,,
1785762000,,,,,
1785765600,,,,,
1785769200,,,,,
1785772800,,,,,
1785776400,,,,,
1785780000,,,,,
1785783600,,,,,
1785787200,,,,,
1785790800,,,,,
1785794400,,,,,
1785798000,,,,,
1785801600,,,,,
1785805200,,,,,
1785808800,,,,,
1785812400,,,,,
1785816000,,,,,
1785819600,,,,,
1785823200,,,,,
1785826800,,,,,
1785830400,,,,,
1785834000,,,,,
1785837600,,,,,
1785841200,,,,,
1785844800,,,,,
1785848400,,,,,
1785852000,,,,,
1785855600,,,,,
1785859200,,,,,
1785862800,,,,,
1785866400,,,,,
1785870000,,,,,
1785873600,,,,,
1785877200,,,,,
1785880800,,,,,
1785884400,,,,,
1785888000,,,,,
1785891600,,,,,
1785895200,,,,,
1785898800,,,,,
1785902400,,,,,
1785906000,,,,,
1785909600,,,,,
1785913200,,,,,
1785916800,,,,,
1785920400,,,,,
1785924000,,,,,
1785927600,,,,,
1785931200,,,,,
1785934800,,,,,
1785938400,,,,,
1785942000,,,,,
1785945600,,,,,
1785949200,,,,,
1785952800,,,,,
1785956400,,,,,
1785960000,,,,,
1785963600,,,,,
1785967200,,,,,
1785970800,,,,,
1785974400,,,,,
1785978000,,,,,
1785981600,,,,,
1785985200,,,,,
1785988800,,,,,
1785992400,,,,,
1785996000,,,,,
1785999600,,,,,
1786003200,,,,,
1786006800,,,,,
1786010400,,,,,
1786014000,,,,,
1786017600,,,,,
1786021200,,,,,
1786024800,,,,,
1786028400,,,,,
1786032000,,,,,
1786035600,,,,,
1786039200,,,,,
1786042800,,,,,
1786046400,,,,,
1786050000,,,,,
1786053600,,,,,
1786057200,,,,,
1786060800,,,,,
1786064400,,,,,
1786068000,,,,,
1786071600,,,,,
1786075200,,,,,
1786078800,,,,,
1786082400,,,,,
1786086000,,,,,
1786089600,,,,,
1786093200,,,,,
1786096800,,,,,
1786100400,,,,,
1786104000,,,,,
1786107600,,,,,
1786111200,,,,,
1786114800,,,,,
1786118400,,,,,
1786122000,,,,,
1786125600,,,,,
1786129200,,,,,
1786132800,,,,,
1786136400,,,,,
1786140000,,,,,
1786143600,,,,,
1786147200,,,,,
1786150800,,,,,
1786154400,,,,,
1786158000,,,,,
1786161600,,,,,
1786165200,,,,,
1786168800,,,,,
1786172400,,,,,
1786176000,,,,,
1786179600,,,,,
1786183200,,,,,
1786186800,,,,,
1786190400,,,,,
1786194000,,,,,
1786197600,,,,,
1786201200,,,,,
1786204800,,,,,
1786208400,,,,,
1786212000,,,,,
1786215600,,,,,
1786219200,,,,,
1786222800,,,,,
1786226400,,,,,
1786230000,,,,,
1786233600,,,,,
1786237200,,,,,
1786240800,,,,,
1786244400,,,,,
1786248000,,,,,
1786251600,,,,,
1786255200,,,,,
1786258800,,,,,
1786262400,,,,,
1786266000,,,,,
1786269600,,,,,
1786273200,,,,,
1786276800,,,,,
1786280400,,,,,
1786284000,,,,,
1786287600,,,,,
1786291200,,,,,
1786294800,,,,,
1786298400,,,,,
1786302000,,,,,
1786305600,,,,,
1786309200,,,,,
1786312800,,,,,
1786316400,,,,,
1786320000,,,,,
1786323600,,,,,
1786327200,,,,,
1786330800,,,,,
1786334400,,,,,
1786338000,,,,,
1786341600,,,,,
1786345200,,,,,
1786348800,,,,,
1786352400,,,,,
1786356000,,,,,
1786359600,,,,,
1786363200,,,,,
1786366800,,,,,
1786370400,,,,,
1786374000,,,,,
1786377600,,,,,
1786381200,,,,,
1786384800,,,,,
1786388400,,,,,
1786392000,,,,,
1786395600,,,,,
1786399200,,,,,
1786402800,,,,,
1786406400,,,,,
1786410000,,,,,
1786413600,,,,,
1786417200,,,,,
1786420800,,,,,
1786424400,,,,,
1786428000,,,,,
1786431600,,,,,
1786435200,,,,,
1786438800,,,,,
1786442400,,,,,
1786446000,,,,,
1786449600,,,,,
1786453200,,,,,
1786456800,,,,,
1786460400,,,,,
1786464000,,,,,
1786467600,,,,,
1786471200,,,,,
1786474800,,,,,
1786478400,,,,,
1786482000,,,,,
1786485600,,,,,
1786489200,,,,,
1786492800,,,,,
1786496400,,,,,
1786500000,,,,,
1786503600,,,,,
1786507200,,,,,
1786510800,,,,,
1786514400,,,,,
1786518000,,,,,
1786521600,,,,,
1786525200,,,,,
1786528800,,,,,
1786532400,,,,,
1786536000,,,,,
1786539600,,,,,
1786543200,,,,,
1786546800,,,,,
1786550400,,,,,
1786554000,,,,,
1786557600,,,,,
1786561200,,,,,
1786564800,,,,,
1786568400,,,,,
1786572000,,,,,
1786575600,,,,,
1786579200,,,,,
1786582800,,,,,
1786586400,,,,,
1786590000,,,,,
1786593600,,,,,
1786597200,,,,,
1786600800,,,,,
1786604400,,,,,
1786608000,,,,,
1786611600,,,,,
1786615200,,,,,
1786618800,,,,,
1786622400,,,,,
1786626000,,,,,
1786629600,,,,,
1786633200,,,,,
1786636800,,,,,
1786640400,,,,,
1786644000,,,,,
1786647600,,,,,
1786651200,,,,,
1786654800,,,,,
1786658400,,,,,
1786662000,,,,,
1786665600,,,,,
1786669200,,,,,
1786672800,,,,,
1786676400,,,,,
1786680000,,,,,
1786683600,,,,,
1786687200,,,,,
1786690800,,,,,
1786694400,,,,,
1786698000,,,,,
1786701600,,,,,
1786705200,,,,,
1786708800,,,,,
1786712400,,,,,
1786716000,,,,,
1786719600,,,,,
1786723200,,,,,
1786726800,,,,,
1786730400,,,,,
1786734000,,,,,
1786737600,,,,,
1786741200,,,,,
1786744800,,,,,
1786748400,,,,,
1786752000,,,,,
1786755600,,,,,
1786759200,,,,,
1786762800,,,,,
1786766400,,,,,
1786770000,,,,,
1786773600,,,,,
1786777200,,,,,
1786780800,,,,,
1786784400,,,,,
1786788000,,,,,
1786791600,,,,,
1786795200,,,,,
1786798800,,,,,
1786802400,,,,,
1786806000,,,,,
1786809600,,,,,
1786813200,,,,,
1786816800,,,,,
1786820400,,,,,
1786824000,,,,,
1786827600,,,,,
1786831200,,,,,
1786834800,,,,,
1786838400,,,,,
1786842000,,,,,
1786845600,,,,,
1786849200,,,,,
1786852800,,,,,
1786856400,,,,,
1786860000,,,,,
1786863600,,,,,
1786867200,,,,,
1786870800,,,,,
1786874400,,,,,
1786878000,,,,,
1786881600,,,,,
1786885200,,,,,
1786888800,,,,,
1786892400,,,,,
1786896000,,,,,
1786899600,,,,,
1786903200,,,,,
1786906800,,,,,
1786910400,,,,,
1786914000,,,,,
1786917600,,,,,
1786921200,,,,,
1786924800,,,,,
1786928400,,,,,
1786932000,,,,,
1786935600,,,,,
1786939200,,,,,
1786942800,,,,,
1786946400,,,,,
1786950000,,,,,
1786953600,,,,,
1786957200,,,,,
1786960800,,,,,
1786964400,,,,,
1786968000,,,,,
1786971600,,,,,
1786975200,,,,,
1786978800,,,,,
1786982400,,,,,
1786986000,,,,,
1786989600,,,,,
1786993200,,,,,
1786996800,,,,,
1787000400,,,,,
1787004000,,,,,
1787007600,,,,,
1787011200,,,,,
1787014800,,,,,
1787018400,,,,,
1787022000,,,,,
1787025600,,,,,
1787029200,,,,,
1787032800,,,,,
1787036400,,,,,
1787040000,,,,,
1787043600,,,,,
1787047200,,,,,
1787050800,,,,,
1787054400,,,,,
1787058000,,,,,
1787061600,,,,,
1787065200,,,,,
1787068800,,,,,
1787072400,,,,,
1787076000,,,,,
1787079600,,,,,
1787083200,,,,,
1787086800,,,,,
1787090400,,,,,
1787094000,,,,,
1787097600,,,,,
1787101200,,,,,
1787104800,,,,,
1787108400,,,,,
1787112000,,,,,
1787115600,,,,,
1787119200,,,,,
1787122800,,,,,
1787126400,,,,,
1787130000,,,,,
1787133600,1787133639.0,40470661.0,767.6217032353337,-0.0120174311630859,767.6217032353337
1787137200,,,,,
1787140800,,,,,
1787144400,,,,,
1787148000,1787148036.0,40613844.0,769.4342063891039,-0.1054106620633732,769.4342063891039
1787151600,1787151625.0,40649649.0,771.0740688402195,-0.017153217628078,771.0740688402195
1787155200,,,,,
1787158800,,,,,
1787162400,,,,,
1787166000,,,,,
1787169600,1787169650.0,40829558.0,769.5890235700105,0.030406877684895,769.5890235700105
1787173200,1787173217.0,40865119.0,769.3303020005594,0.0720802121457935,769.3303020005594
1787176800,,,,,
1787180400,1787180435.0,40937274.0,769.5092842655124,-0.01793459283627,769.5092842655124
1787184000,1787184038.0,40973219.0,769.8639885644819,-0.0822006405100783,769.8639885644819
1787187600,1787187635.0,41009039.0,769.7884167323501,-0.0839853948885127,769.7884167323501
1787191200,,,,,
1787194800,1787194833.0,41080764.0,770.1258379048452,0.0385490034064368,770.1258379048452
1787198400,,,,,
1787202000,,,,,
1787205600,,,,,
1787209200,,,,,
1787212800,1787212831.0,41260243.0,769.6291873767125,0.0366352180853134,769.6291873767125
1787216400,,,,,
1787220000,,,,,
1787223600,,,,,
1787227200,,,,,
1787230800,,,,,
1787234400,,,,,
1787238000,1787238029.0,41511550.0,767.6357758994899,-0.0755482796383145,767.6357758994899
1787241600,1787241655.0,41547717.0,766.6851000783091,-0.0030278672771609,766.6851000783091
1787245200,1787245204.0,41583133.0,767.0068196667333,-0.001868914401975,767.0068196667333
1787248800,1787248832.0,41619324.0,765.8332679285863,0.0048214353711808,765.8332679285863
1787252400,1787252405.0,41654978.0,764.6105486386897,0.03790635528029,764.6105486386897
1787256000,1787256051.0,41691320.0,763.727817543359,0.1231091035228278,763.727817543359
1787259600,1787259629.0,41726946.0,763.6431314375131,0.0923395874056269,763.6431314375131
1787263200,,,,,
1787266800,1787266856.0,41799010.0,763.6894599789013,-0.0015137103289276,763.6894599789013
1787270400,,,,,
1787274000,,,,,
1787277600,,,,,
1787281200,,,,,
1787284800,,,,,
1787288400,,,,,
1787292000,,,,,
1787295600,,,,,
1787299200,1787299246.0,42121670.0,765.1915213183061,-0.0925174920804839,765.1915213183061
1787302800,1787302837.0,42157442.0,765.4432453970736,0.128764993450121,765.4432453970736
1787306400,1787306426.0,42193238.0,766.1097785843976,-0.0174394207491357,766.1097785843976
1787310000,,,,,
1787313600,,,,,
1787317200,,,,,
1787320800,,,,,
1787324400,,,,,
1787328000,,,,,
1787331600,1787331610.0,42444244.0,766.7789508291185,0.1046286942293638,766.7789508291185
1787335200,,,,,
1787338800,1787338806.0,42516042.0,766.3016905670194,0.5116179488983258,766.3016905670194
1787342400,,,,,
1787346000,,,,,
1787349600,1787349654.0,42624187.0,767.1605492547394,-0.014421361284715,767.1605492547394
1787353200,,,,,
1787356800,,,,,
1787360400,,,,,
1787364000,,,,,
1787367600,1787367646.0,42803627.0,767.8172796536348,0.0046229125008416,767.8172796536348
1787371200,,,,,
1787374800,1787374825.0,42875210.0,767.6340783539276,-0.0143226919389312,767.6340783539276
1787378400,1787378407.0,42910945.0,766.6301322985986,0.0481828622165066,766.6301322985986
1787382000,1787382003.0,42946808.0,766.8349819788376,-0.0015596080912835,766.8349819788376
1787385600,,,,,
1787389200,,,,,
1787392800,,,,,
1787396400,1787396460.0,43090862.0,765.9910222180556,-0.009657483272077,765.9910222180556
1787400000,,,,,
1787403600,,,,,
1787407200,,,,,
1787410800,1787410835.0,43234111.0,766.5948520402869,0.0634679729660368,766.5948520402869
1787414400,1787414420.0,43269858.0,766.6656025709698,-0.1333778206347334,766.6656025709698
1787418000,1787418002.0,43305576.0,766.9777452167217,0.0176573619679194,766.9777452167217
1787421600,,,,,
1787425200,,,,,
1787428800,,,,,
1787432400,,,,,
1787436000,,,,,
1787439600,,,,,
1787443200,,,,,
1787446800,1787446855.0,43593385.0,768.3797913887261,-0.0025055319812583,768.3797913887261
1787450400,1787450436.0,43629073.0,768.2138408724115,0.0697599534265426,768.2138408724115
1787454000,,,,,
1787457600,1787457642.0,43700906.0,768.6354602538397,0.0016065887584184,768.6354602538397
1787461200,1787461213.0,43736512.0,768.2962722983642,0.0202346370329984,768.2962722983642
1787464800,,,,,
1787468400,1787468436.0,43808475.0,767.9221864495586,0.1352969891527994,767.9221864495586
1787472000,,,,,
1787475600,1787475603.0,43879864.0,767.7937047818846,-0.0026022650357349,767.7937047818846
1787479200,,,,,
1787482800,1787482808.0,43951630.0,768.5183390336157,0.0170302642966516,768.5183390336157
1787486400,,,,,
1787490000,1787490021.0,44023463.0,768.5404390590957,-0.0030397552850102,768.5404390590957
1787493600,,,,,
1787497200,,,,,
1787500800,1787500824.0,44131092.0,768.7903210051327,-0.0009761677205397,768.7903210051327
1787504400,,,,,
1787508000,,,,,
1787511600,1787511639.0,44238905.0,770.8756227655795,-0.0231953342837421,770.8756227655795
1787515200,1787515215.0,44274577.0,769.7321227959426,-0.0129851014685057,769.7321227959426
1787518800,1787518814.0,44310514.0,770.6064005409895,0.0027967062464383,770.6064005409895
1787522400,,,,,
1787526000,,,,,
1787529600,1787529643.0,44418787.0,771.366574082025,-0.0011737124445543,771.366574082025
1787533200,,,,,
1787536800,,,,,
1787540400,,,,,
1787544000,1787544057.0,44562538.0,766.1269473442596,-0.0421226580612049,766.1269473442596
1787547600,,,,,
1787551200,1787551229.0,44634041.0,765.3029574586548,0.056329286730005,765.3029574586548
1787554800,,,,,
1787558400,1787558440.0,44705937.0,764.7099796094968,0.2059584501516895,764.7099796094968
1787562000,1787562019.0,44741637.0,765.0467052247561,0.2497639299025698,765.0467052247561
1787565600,1787565652.0,44777875.0,765.3674492523618,0.015,765.3674492523618
1787569200,1787569234.0,44813582.0,764.3815106916065,0.3205930609240121,764.3815106916065
1787572800,,,,,
1787576400,,,,,
1787580000,,,,,
1787583600,1787583651.0,44957489.0,764.2691239274245,0.0154983227660434,764.2691239274245
1787587200,,,,,
1787590800,1787590853.0,45029455.0,764.7318302715719,0.0752289501923896,764.7318302715719
1787594400,1787594440.0,45065271.0,763.4855462996876,-0.6506842898539427,763.4855462996876
1787598000,,,,,
1787601600,,,,,
1787605200,,,,,
1787608800,,,,,
1787612400,,,,,
1787616000,1787616010.0,45280691.0,764.37802402794,-0.4796175296632576,764.37802402794
1787619600,,,,,
1787623200,,,,,
1787626800,1787626828.0,45388587.0,764.4531483098976,0.0145729492781561,764.4531483098976
1787630400,1787630450.0,45424607.0,764.7333263909424,0.0002999433477308,764.7333263909424
1787634000,,,,,
1787637600,,,,,
1787641200,1787641208.0,45531814.0,765.4714788208466,-0.0043086022346852,765.4714788208466
1787644800,,,,,
1787648400,,,,,
1787652000,1787652015.0,45639583.0,767.2764905835918,-0.018739726077409,767.2764905835918
1787655600,1787655621.0,45675517.0,766.7880327709772,0.5545028616248838,766.7880327709772
1787659200,1787659255.0,45711749.0,767.3646827365104,-0.2805566028101254,767.3646827365104
1787662800,1787662808.0,45747181.0,766.2255676816087,-0.0124171298102375,766.2255676816087
1787666400,1787666430.0,45783278.0,766.6091941032469,0.3544412343819127,766.6091941032469
1787670000,1787670051.0,45819403.0,765.884059157325,0.1452783247045583,765.884059157325
1787673600,1787673618.0,45855027.0,765.5824614004538,-0.0244790911911182,765.5824614004538
1787677200,1787677230.0,45891182.0,765.9901304897138,-0.0343454879583892,765.9901304897138
1787680800,1787680826.0,45927107.0,765.3961541313017,-0.2317611608806562,765.3961541313017
1787684400,1787684431.0,45962996.0,765.5838288522207,0.0367736408683534,765.5838288522207
1787688000,,,,,
1787691600,,,,,
1787695200,,,,,
1787698800,,,,,
1787702400,1787702440.0,46141824.0,765.8939540738712,0.0693964894157001,765.8939540738712
1787706000,,,,,
1787709600,,,,,
1787713200,,,,,
1787716800,1787716826.0,46284589.0,766.0748032161392,-0.0969616560645334,766.0748032161392
1787720400,,,,,
1787724000,1787724056.0,46356359.0,765.6895482478105,-0.1366624773053247,765.6895482478105
1787727600,,,,,
1787731200,,,,,
1787734800,,,,,
1787738400,,,,,
1787742000,,,,,
1787745600,1787745653.0,46570792.0,765.3665380388325,-0.0326480732248015,765.3665380388325
1787749200,1787749223.0,46606190.0,765.8820138591175,0.0520026669108084,765.8820138591175
1787752800,1787752843.0,46641987.0,766.7089869861504,-0.2178591254015765,766.7089869861504
1787756400,1787756445.0,46677611.0,766.2620027717567,-0.1565333921052608,766.2620027717567
1787760000,1787760027.0,46713008.0,766.0408080324552,0.1045118447751074,766.0408080324552
1787763600,1787763662.0,46748935.0,764.8637020778851,1e-18,764.8637020778851
1787767200,1787767237.0,46784248.0,766.0804654110694,-0.0192525747462173,766.0804654110694
1787770800,,,,,
1787774400,,,,,
1787778000,1787778048.0,46891268.0,768.2216196728576,0.0132606464511087,768.2216196728576
1787781600,1787781631.0,46926712.0,770.06025974093,0.0734968370176801,770.06025974093
1787785200,,,,,
1787788800,,,,,
1787792400,,,,,
1787796000,,,,,
1787799600,,,,,
1787803200,1787803242.0,47140851.0,770.277225598608,-0.0011227377224146,770.277225598608
1787806800,1787806804.0,47176137.0,769.42480840175,-0.0014341653753564,769.42480840175
1787810400,,,,,
1787814000,1787814048.0,47248004.0,768.6007872288457,-0.0028974868945157,768.6007872288457
1787817600,1787817658.0,47283774.0,769.3351554324466,0.3243544880002939,769.3351554324466
1787821200,,,,,
1787824800,1787824853.0,47355040.0,770.2182505749041,0.0242545216338031,770.2182505749041
1787828400,1787828402.0,47390193.0,769.6470353783714,0.0192119141494232,769.6470353783714
1787832000,1787832047.0,47426345.0,769.0139173633956,-0.0123721027077197,769.0139173633956
1787835600,1787835603.0,47461570.0,768.9593702275263,0.0612775046700952,768.9593702275263
1787839200,1787839231.0,47497426.0,768.6467314661403,0.3898722037696919,768.6467314661403
1787842800,,,,,
1787846400,,,,,
1787850000,,,,,
1787853600,,,,,
1787857200,1787857216.0,47675678.0,770.0249998763853,-0.0046950665558884,770.0249998763853
1787860800,1787860855.0,47711762.0,771.5152235784342,-0.207183254601295,771.5152235784342
1787864400,,,,,
1787868000,,,,,
1787871600,,,,,
1787875200,1787875225.0,47854235.0,770.7180330413464,0.0032653483965282,770.7180330413464
1787878800,,,,,
1787882400,1787882407.0,47925391.0,771.3385248843925,0.02191598807503,771.3385248843925
1787886000,1787886052.0,47961510.0,771.8862599538218,0.0001402269146687,771.8862599538218
1787889600,1787889614.0,47996661.0,772.6194253790065,-0.0225501182547085,772.6194253790065
1787893200,1787893212.0,48032338.0,772.2086271445676,-0.0721517592349413,772.2086271445676
1787896800,1787896802.0,48067933.0,772.0151681024955,-0.001808712766904,772.0151681024955
1787900400,,,,,
1787904000,1787904010.0,48139413.0,771.6641922871139,0.0054024910626256,771.6641922871139
1787907600,,,,,
1787911200,,,,,
1787914800,,,,,
1787918400,1787918440.0,48282573.0,771.2271388341236,0.0310677154886956,771.2271388341236
1787922000,1787922005.0,48317940.0,772.3825368005283,0.2360548010051836,772.3825368005283
1787925600,1787925632.0,48353798.0,772.9188180291522,-0.016063470095826,772.9188180291522
1787929200,1787929233.0,48389419.0,773.9942694645611,0.0152010665326331,773.9942694645611
1787932800,1787932854.0,48425048.0,771.4693931262443,-0.0183757447177721,771.4693931262443
1787936400,1787936457.0,48460660.0,770.5974311576889,1.1313173092720927,770.5974311576889
1787940000,1787940059.0,48496332.0,769.9650741029643,0.0562360740012659,769.9650741029643
1787943600,,,,,
1787947200,1787947232.0,48567431.0,770.0648828129489,-1.298178600682789,770.0648828129489
1787950800,1787950816.0,48602940.0,769.8400661079502,0.0002586764253804,769.8400661079502
1787954400,1787954449.0,48638868.0,770.1788039436061,0.6520067317708134,770.1788039436061
1787958000,1787958002.0,48674048.0,770.1428724574171,-0.0142303074383912,770.1428724574171
1787961600,1787961656.0,48710238.0,770.2441103047697,-0.1523537149148016,770.2441103047697
1787965200,1787965250.0,48745876.0,770.2703382552384,0.0050015145374035,770.2703382552384
1787968800,1787968841.0,48781483.0,770.3302261173806,1.0937939844979834,770.3302261173806
1787972400,1787972441.0,48817107.0,770.7090853471301,0.0143297234953792,770.7090853471301
1787976000,1787976036.0,48852699.0,770.6921076127289,1.2391306062818144,770.6921076127289
1787979600,1787979657.0,48888545.0,771.0135889095047,-0.0061786850945143,771.0135889095047
1787983200,,,,,
1787986800,,,,,
1787990400,,,,,
1787994000,1787994002.0,49030621.0,771.927212792563,-0.0034491053591636,771.927212792563
1787997600,,,,,
1788001200,1788001247.0,49102427.0,771.9649786051905,0.5439104540178783,771.9649786051905
1788004800,1788004845.0,49138064.0,772.6390752772924,1.2959914982957712,772.6390752772924
1788008400,1788008453.0,49173848.0,771.9016147999293,0.03888579242764,771.9016147999293
1788012000,1788012052.0,49209468.0,771.8406634032765,0.0053902092370375,771.8406634032765
1788015600,1788015659.0,49245193.0,771.4368016572233,-0.0627929285220669,771.4368016572233
1788019200,1788019230.0,49280317.0,772.0092010925175,0.0176700877917676,772.0092010925175
1788022800,1788022835.0,49316019.0,772.9870636805343,0.007234791430669,772.9870636805343
1788026400,,,,,
1788030000,1788030015.0,49387018.0,773.0609717765362,-0.0064613354604301,773.0609717765362
1788033600,1788033648.0,49422942.0,773.4158992009209,0.0067084009997656,773.4158992009209
1788037200,1788037242.0,49458574.0,773.4032633242001,0.0096282926624426,773.4032633242001
1788040800,1788040859.0,49494366.0,773.5997926448889,0.003995869493406,773.5997926448889
1788044400,1788044459.0,49530045.0,773.7008077828117,0.0388388933234393,773.7008077828117
1788048000,1788048061.0,49565683.0,774.1721222301402,0.0492700433643101,774.1721222301402
1788051600,1788051651.0,49601247.0,773.3501026254046,0.003310134468681,773.3501026254046
1788055200,,,,,
1788058800,,,,,
1788062400,1788062431.0,49707926.0,773.9879701521519,0.0038693322335913,773.9879701521519
1788066000,1788066059.0,49743815.0,774.0003646120645,0.1099601253370523,774.0003646120645
1788069600,1788069661.0,49779480.0,774.5420861467627,0.0084801400050763,774.5420861467627
1788073200,1788073240.0,49814924.0,774.6508441503127,0.0213769422421926,774.6508441503127
1788076800,1788076845.0,49850583.0,773.9666863707787,0.4562300695122622,773.9666863707787
1788080400,1788080456.0,49886335.0,774.1519439601784,-0.0258089833472396,774.1519439601784
1788084000,1788084003.0,49921483.0,773.8416599670468,0.006356663982936,773.8416599670468
1788087600,1788087620.0,49957264.0,775.2325412121985,0.0109703846432805,775.2325412121985
1788091200,1788091255.0,49993253.0,775.4140219171483,0.0122079116682774,775.4140219171483
1788094800,1788094837.0,50028584.0,776.913953270566,0.004252416444485,776.913953270566
1788098400,1788098399.0,50063789.0,777.8008502151357,0.1519437455045499,777.8008502151357
1788102000,1788102031.0,50099510.0,776.8930614116707,0.00932224229931,776.8930614116707
1788105600,1788105645.0,50135199.0,778.0554798080458,0.0419482762124962,778.0554798080458
1788109200,1788109237.0,50170756.0,779.3431882570754,0.0034533798997672,779.3431882570754
1788112800,1788112851.0,50206532.0,778.9615067838183,0.0026738545989786,778.9615067838183
1788116400,1788116459.0,50242188.0,778.693796855568,0.0048966481663968,778.693796855568
1788120000,1788120044.0,50277556.0,779.0679232959334,-0.532275446783133,779.0679232959334
1788123600,1788123651.0,50313010.0,778.4303111694727,0.4565771638751558,778.4303111694727
1788127200,1788127250.0,50348444.0,778.215692506572,0.0228191522444889,778.215692506572
1788130800,1788130852.0,50384086.0,777.9330678200802,0.4599000632164564,777.9330678200802
1788134400,1788134460.0,50419686.0,775.2562208594286,-0.0740423199505106,775.2562208594286
1788138000,1788138060.0,50455325.0,774.8422967840031,0.0645770895025643,774.8422967840031
1788141600,,,,,
1788145200,1788145202.0,50526116.0,773.6801025742265,-0.0041193419211836,773.6801025742265
1788148800,1788148856.0,50562336.0,773.8627549970961,2.604234485273054,773.8627549970961
1788152400,,,,,
1788156000,1788156060.0,50633735.0,769.9994041277367,-1.2302902363884043,769.9994041277367
1788159600,,,,,
1788163200,1788163259.0,50705122.0,769.3571855078569,0.0109300640337728,769.3571855078569
1788166800,,,,,
1788170400,,,,,
1788174000,1788174006.0,50811772.0,769.2370996674363,0.0458434613261449,769.2370996674363
1788177600,,,,,
1788181200,1788181243.0,50883631.0,768.3915654532987,-0.2660158787153224,768.3915654532987
1788184800,1788184852.0,50919515.0,767.7130105997252,-0.4202614369472751,767.7130105997252
1788188400,1788188432.0,50954914.0,767.8951221544766,-0.0049711548249881,767.8951221544766
1788192000,1788192046.0,50990544.0,766.1200782280472,0.784222953477614,766.1200782280472
1788195600,1788195633.0,51025891.0,765.9232870539904,-0.0080992709192635,765.9232870539904
1788199200,1788199252.0,51061649.0,767.1699629395788,0.0024758061471133,767.1699629395788
1788202800,1788202860.0,51097287.0,766.0569573837176,0.0350817867259006,766.0569573837176
1788206400,1788206415.0,51132446.0,767.6450439114469,0.7817282552096702,767.6450439114469
1788210000,1788210060.0,51168476.0,768.1840918050198,0.2145602679162952,768.1840918050198
1788213600,1788213643.0,51203924.0,767.6672753595259,0.0062498714935103,767.6672753595259
1788217200,1788217259.0,51239623.0,768.1072600948805,-0.025699513656533,768.1072600948805
1788220800,1788220857.0,51275227.0,768.1086857014353,0.0039355671737609,768.1086857014353
1788224400,1788224451.0,51310805.0,768.418751537003,-0.1605977320338567,768.418751537003
1788228000,,,,,
1788231600,1788231637.0,51381984.0,767.7576376706209,0.0046089324762691,767.7576376706209
1788235200,1788235241.0,51417746.0,767.700315233421,0.0534529842212512,767.700315233421
1788238800,1788238836.0,51453314.0,767.8551780533248,-0.3905172155255534,767.8551780533248
1788242400,1788242456.0,51489226.0,768.097630156278,-0.0150596179712902,768.097630156278
1788246000,1788246007.0,51524458.0,767.7855308599486,0.0230122260328314,767.7855308599486
1788249600,,,,,
1788253200,1788253257.0,51596365.0,764.491871493407,0.3271773353606468,764.491871493407
1788256800,1788256859.0,51632096.0,763.5921449797019,-0.0458118158019892,763.5921449797019
1788260400,,,,,
1788264000,,,,,
1788267600,1788267632.0,51738859.0,762.7376576175199,0.0498986233279399,762.7376576175199
1788271200,1788271252.0,51774700.0,762.4854565790273,0.0107967279178022,762.4854565790273
1788274800,1788274830.0,51810092.0,763.5669754351862,-0.7854440973015921,763.5669754351862
1788278400,1788278454.0,51845844.0,764.9094004147812,0.2590086320330089,764.9094004147812
1788282000,1788282037.0,51881084.0,763.167902844029,0.0047625057788033,763.167902844029
1788285600,,,,,
1788289200,,,,,
1788292800,1788292843.0,51988046.0,762.1700180049019,-0.2622825019403897,762.1700180049019
1788296400,1788296436.0,52023511.0,763.2266416301504,0.0048798095395351,763.2266416301504
1788300000,1788300042.0,52058969.0,762.933495864126,-0.1299175594067781,762.933495864126
1788303600,1788303645.0,52094677.0,762.5494164534342,0.161128735831004,762.5494164534342
1788307200,1788307248.0,52130302.0,762.9346321808971,0.103211005162408,762.9346321808971
1788310800,1788310807.0,52165489.0,762.6766827451987,0.0170057233704929,762.6766827451987
1788314400,1788314450.0,52201570.0,761.2637773611638,-0.0562020996439681,761.2637773611638
1788318000,1788318060.0,52237346.0,762.4458333958837,-0.0047727605002425,762.4458333958837
1788321600,1788321660.0,52273046.0,761.8715887007888,0.0482717276126085,761.8715887007888
1788325200,1788325258.0,52308727.0,762.5929439906962,-0.0099488274538467,762.5929439906962
1788328800,1788328862.0,52344442.0,762.6413180885113,0.0382588967529677,762.6413180885113
1788332400,1788332448.0,52380101.0,762.1748536803173,0.1090974282236168,762.1748536803173
1788336000,1788336053.0,52415860.0,762.492198879905,0.0592566922255095,762.492198879905
1788339600,,,,,
1788343200,1788343203.0,52486777.0,760.3338282625954,-0.0156329079545957,760.3338282625954
1788346800,1788346851.0,52522986.0,760.983736860346,0.0272420055699805,760.983736860346
1788350400,1788350445.0,52558667.0,761.6399511110233,0.0134316722325638,761.6399511110233
1788354000,1788354058.0,52594476.0,762.2099466433294,0.0060683287155204,762.2099466433294
1788357600,1788357657.0,52630048.0,762.4797694624142,-0.0361329437888035,762.4797694624142
1788361200,,,,,
1788364800,1788364854.0,52701171.0,765.1612032732345,-0.0326565762905274,765.1612032732345
1788368400,1788368391.0,52736051.0,765.6071264437192,0.0206515083680086,765.6071264437192
1788372000,1788372094.0,52770958.0,766.7701626750226,0.9748279903648296,766.7701626750226
1788375600,1788375661.0,52805260.0,767.6176125500887,-0.0046198846437701,767.6176125500887
1788379200,1788379262.0,52840095.0,766.8290740463075,0.0032646094267573,766.8290740463075
1788382800,1788382865.0,52874831.0,766.2635591838291,2.4212462066312e-05,766.2635591838291
1788386400,1788386465.0,52909714.0,766.2318542556056,0.0632585111565692,766.2318542556056
1788390000,1788390074.0,52944668.0,766.0734457164201,0.1901429984974528,766.0734457164201
1788393600,1788393671.0,52979598.0,766.3319949303418,-0.1283582504960235,766.3319949303418
1788397200,1788397259.0,53014554.0,765.4928490007331,-0.0117052668569476,765.4928490007331
1788400800,1788400847.0,53049538.0,765.942161415362,-0.0091627743860473,765.942161415362
1788404400,1788404456.0,53084699.0,766.6766894504455,-0.0223604062817889,766.6766894504455
1788408000,1788408054.0,53119727.0,766.7975193471332,0.7148931921208416,766.7975193471332
1788411600,1788411663.0,53154877.0,766.8183075657856,0.0043620435208006,766.8183075657856
1788415200,1788415242.0,53189863.0,766.0150627438139,-0.1848570849387834,766.0150627438139
1788418800,1788418857.0,53225248.0,766.4327858535356,0.0462121753540823,766.4327858535356
1788422400,1788422457.0,53260449.0,766.0352524254446,-0.3062225837584339,766.0352524254446
1788426000,,,,,
1788429600,1788429652.0,53330777.0,765.4847342585085,-0.1561758616632923,765.4847342585085
1788433200,1788433259.0,53366053.0,765.4936249633798,-0.1286209935114921,765.4936249633798
1788436800,1788436833.0,53401026.0,765.8225823168037,0.0247140446891237,765.8225823168037
1788440400,,,,,
1788444000,1788444039.0,53470784.0,769.0465954189882,0.5298426166514131,769.0465954189882
1788447600,1788447652.0,53505488.0,769.9584812856052,-0.3491042720121413,769.9584812856052
1788451200,1788451182.0,53539476.0,773.1976046062014,0.1016789922727013,773.1976046062014
1788454800,1788454842.0,53574371.0,774.0259130930655,0.6041662697565284,774.0259130930655
1788458400,1788458482.0,53609126.0,774.0193600227375,0.0252593565564872,774.0193600227375
1788462000,1788462122.0,53644585.0,774.5416423502865,-0.0011338115384357,774.5416423502865
1788465600,1788465640.0,53679640.0,773.6492370817543,3.177507874938009,773.6492370817543
1788469200,1788469279.0,53715333.0,773.5236307156475,0.0065039455916921,773.5236307156475
1788472800,1788472828.0,53750274.0,773.4954676094807,-0.0113807175153353,773.4954676094807
1788476400,1788476435.0,53786000.0,773.4799505867353,0.0312440441909649,773.4799505867353
1788480000,,,,,
1788483600,1788483656.0,53857462.0,773.9239600656005,0.0631840494361039,773.9239600656005
1788487200,1788487252.0,53893120.0,773.9063987453957,-0.0034571039751048,773.9063987453957
1788490800,1788490822.0,53928495.0,774.32670816263,-0.2581620286545796,774.32670816263
1788494400,,,,,
1788498000,1788498039.0,53999734.0,774.4399469021562,-0.0016583561292524,774.4399469021562
1788501600,1788501647.0,54035396.0,774.741360653473,-0.0374578435702931,774.741360653473
1788505200,1788505250.0,54070959.0,774.2634760695703,-0.0074100190037289,774.2634760695703
1788508800,1788508862.0,54106588.0,774.3710304577372,-0.1939886433101731,774.3710304577372
1788512400,1788512466.0,54142171.0,775.2652096595124,0.0177153915765574,775.2652096595124
1788516000,1788516063.0,54177771.0,774.5967401458847,-0.0051458378754162,774.5967401458847
1788519600,1788519645.0,54213218.0,774.7942444239284,-0.8050597521879592,774.7942444239284
1788523200,1788523250.0,54248865.0,775.0153882422622,-0.4882616652599043,775.0153882422622
1788526800,,,,,
1788530400,1788530446.0,54319992.0,773.4747989340163,-0.0835400439363295,773.4747989340163
1788534000,1788534058.0,54355667.0,771.1406926735245,1.474053902087033,771.1406926735245
1788537600,1788537657.0,54391236.0,771.4804306515597,0.0061914842964134,771.4804306515597
1788541200,1788541258.0,54426828.0,771.9741198335016,3.975574260658618,771.9741198335016
1788544800,1788544849.0,54462326.0,770.6629307280249,0.6345493171185138,770.6629307280249
1788548400,1788548406.0,54497423.0,771.2992700669942,0.0551159706007612,771.2992700669942
1788552000,1788552027.0,54533215.0,771.1265688458839,-0.9707020138686592,771.1265688458839
1788555600,1788555654.0,54569138.0,770.9831737712772,0.5604634041536024,770.9831737712772
1788559200,1788559256.0,54604774.0,771.2730073212773,0.1192288094552414,771.2730073212773
1788562800,1788562863.0,54640499.0,771.4872876186216,-0.0117285432884342,771.4872876186216
1788566400,1788566464.0,54676160.0,771.3875968167343,-0.0054739122798468,771.3875968167343
1788570000,1788570050.0,54711736.0,771.4970247917511,0.0099786007738901,771.4970247917511
1788573600,1788573643.0,54747375.0,771.2911031410082,-0.050670113728428,771.2911031410082
1788577200,,,,,
1788580800,1788580851.0,54818882.0,771.2371409167207,-0.0102024145614433,771.2371409167207
1788584400,1788584434.0,54854400.0,771.1235844578325,-0.0631369213489213,771.1235844578325
1788588000,,,,,
1788591600,1788591654.0,54926056.0,771.2738531720138,0.1000836453184724,771.2738531720138
1788595200,1788595243.0,54961631.0,771.3157811758565,0.0082220792518818,771.3157811758565
1788598800,1788598851.0,54997420.0,771.308751634223,0.0197964644191104,771.308751634223
1788602400,1788602453.0,55033136.0,771.4904289767525,0.0167675575094904,771.4904289767525
1788606000,,,,,
1788609600,1788609622.0,55104189.0,771.3880489988135,-0.0247111998503959,771.3880489988135
1788613200,1788613256.0,55140262.0,771.8807398274881,0.0419469789609175,771.8807398274881
1788616800,1788616859.0,55176012.0,771.8502184269585,0.1539346113715746,771.8502184269585
1788620400,1788620457.0,55211748.0,772.4593790853819,-0.3179164815807752,772.4593790853819
1788624000,1788624062.0,55247456.0,772.5258546783874,0.0090241696280816,772.5258546783874
1788627600,1788627658.0,55283080.0,772.9755021010322,0.1943847370358113,772.9755021010322
1788631200,1788631256.0,55318715.0,772.8157236650865,-0.0245005764148268,772.8157236650865
1788634800,1788634854.0,55354398.0,773.2194685272402,-0.01169045791561,773.2194685272402
1788638400,1788638456.0,55390085.0,773.2916739061116,0.0038309118590579,773.2916739061116
1788642000,1788642061.0,55425770.0,773.0347569806889,0.0132179759799054,773.0347569806889
1788645600,1788645636.0,55461188.0,773.6087655857335,0.0084786654826273,773.6087655857335
1788649200,1788649258.0,55497108.0,773.3695553754517,0.0104748382699274,773.3695553754517
1788652800,1788652830.0,55532550.0,772.894547925167,-0.0296571210926256,772.894547925167
1788656400,1788656453.0,55568509.0,773.440581048734,-0.048957675322592,773.440581048734
1788660000,1788660058.0,55604224.0,774.1033489498651,0.8410312811798513,774.1033489498651
1788663600,1788663614.0,55639504.0,773.8411759154839,0.0717716183453931,773.8411759154839
1788667200,1788667208.0,55675134.0,774.1073683037828,-0.0240938493343809,774.1073683037828
1788670800,1788670831.0,55711061.0,773.7131256703593,-0.001381450140424,773.7131256703593
1788674400,,,,,
1788678000,1788678052.0,55782722.0,773.8949385395968,-0.0092485216167802,773.8949385395968
1788681600,,,,,
1788685200,1788685203.0,55853623.0,773.6445286589669,0.0193120645045931,773.6445286589669
1788688800,,,,,
1788692400,1788692459.0,55925572.0,774.0294258326563,0.0175954762004025,774.0294258326563
1788696000,1788696058.0,55961285.0,773.7835537085467,0.0031666135315631,773.7835537085467
1788699600,,,,,
1788703200,1788703261.0,56032731.0,774.0828891035707,-0.0191709428968119,774.0828891035707
1788706800,1788706855.0,56068400.0,773.1072781472077,0.4964170599226458,773.1072781472077
1788710400,1788710415.0,56103698.0,773.4001180155586,0.0211350965650258,773.4001180155586
1788714000,1788714055.0,56139785.0,773.3465525415066,0.122054472598744,773.3465525415066
1788717600,1788717656.0,56175519.0,773.6746331482543,0.0507902722035014,773.6746331482543
1788721200,,,,,
1788724800,1788724853.0,56246846.0,773.551669183928,0.4414228319793958,773.551669183928
1788728400,,,,,
1788732000,1788732055.0,56318212.0,773.2053448050276,-0.0086365995315254,773.2053448050276
1788735600,1788735658.0,56353953.0,773.503533256647,0.0118034357753831,773.503533256647
1788739200,,,,,
1788742800,,,,,
1788746400,1788746449.0,56460912.0,772.7614627017481,-0.0192585441758599,772.7614627017481
1788750000,1788750040.0,56496485.0,772.9685090431426,0.0139640613595999,772.9685090431426
1788753600,1788753611.0,56531861.0,772.7035802784635,-0.012984122711842,772.7035802784635
1788757200,1788757204.0,56567481.0,772.7818079601011,-0.0309230634697698,772.7818079601011
1788760800,1788760849.0,56603586.0,772.914467533791,-0.0353525101438719,772.914467533791
1788764400,1788764454.0,56639336.0,773.0444373583674,-0.1275620683862964,773.0444373583674
1788768000,1788768015.0,56674644.0,772.6797802899735,-0.0658299768534038,772.6797802899735
1788771600,,,,,
1788775200,1788775210.0,56745964.0,772.7349382344448,0.0189739687267229,772.7349382344448
1788778800,1788778843.0,56781974.0,772.7534163694648,0.114559056586097,772.7534163694648
1788782400,,,,,
1788786000,,,,,
1788789600,1788789634.0,56888971.0,772.0701743525044,0.1444584282134557,772.0701743525044
1788793200,1788793239.0,56924714.0,771.5196952253154,-0.1335890972622342,771.5196952253154
1788796800,1788796861.0,56960566.0,771.0879719755785,-0.3525110909688901,771.0879719755785
1788800400,1788800439.0,56996020.0,771.933141901657,-0.112460743866705,771.933141901657
1788804000,1788804011.0,57031425.0,772.3047242604263,-0.057047922244292,772.3047242604263
1788807600,1788807661.0,57067577.0,772.148813320255,0.025583365067815,772.148813320255
1788811200,1788811260.0,57103282.0,773.0533572658661,-1.1283556203105325,773.0533572658661
1788814800,1788814827.0,57138635.0,772.6738752033597,-0.2581033572004084,772.6738752033597
1788818400,1788818455.0,57174554.0,772.8821708330403,0.0049187129672226,772.8821708330403
1788822000,1788822055.0,57210252.0,772.2755273118971,0.0234977207991742,772.2755273118971
1788825600,1788825653.0,57245882.0,772.7313767649817,-0.0422220314302557,772.7313767649817
1788829200,1788829254.0,57281557.0,773.7946623687264,4.222411284994508,773.7946623687264
1788832800,1788832835.0,57317058.0,774.1492434209327,-0.0348596315999019,774.1492434209327
1788836400,1788836457.0,57352966.0,773.3026658575598,0.0068364382857269,773.3026658575598
1788840000,1788840057.0,57388658.0,772.1148607611123,-0.1280289826543105,772.1148607611123
1788843600,1788843631.0,57424068.0,771.852510591695,2.088151307384885,771.852510591695
1788847200,1788847258.0,57459974.0,770.553406255743,0.0026662060795919,770.553406255743
1788850800,1788850822.0,57495307.0,769.7460571169904,-0.000656599682716,769.7460571169904
1788854400,,,,,
1788858000,1788858061.0,57567048.0,769.2894692900888,-0.0319405295635628,769.2894692900888
1788861600,1788861655.0,57602680.0,770.0173102982471,-0.0251911572972359,770.0173102982471
1788865200,1788865244.0,57638251.0,769.4718747156219,0.0038623343949475,769.4718747156219
1788868800,1788868849.0,57673961.0,768.9225194464849,0.5802750557177905,768.9225194464849
1788872400,1788872447.0,57709634.0,769.6186555545993,-0.0061038494508173,769.6186555545993
1788876000,1788876035.0,57745182.0,768.9084794344781,-0.0132466367518785,768.9084794344781
1788879600,1788879653.0,57781059.0,768.7479913626181,0.043672414330791,768.7479913626181
1788883200,1788883227.0,57816473.0,769.0696377458278,-0.0161884949428838,769.0696377458278
1788886800,1788886861.0,57852457.0,768.4356571468285,-0.3121690574203101,768.4356571468285
1788890400,1788890446.0,57888049.0,768.3886532540422,0.4418836978926151,768.3886532540422
1788894000,,,,,
1788897600,1788897661.0,57959566.0,767.6797265694959,-0.6509989356150304,767.6797265694959
1788901200,1788901247.0,57995132.0,767.679130587011,0.0735512499827801,767.679130587011
1788904800,1788904854.0,58030878.0,766.9286176773107,-1.159219480536584,766.9286176773107
1788908400,1788908445.0,58066485.0,767.2926804985769,-0.0486229021683547,767.2926804985769
1788912000,1788912057.0,58102279.0,766.9838114987141,-0.1296606713835693,766.9838114987141
1788915600,,,,,
1788919200,1788919248.0,58173543.0,767.6427066325324,-0.0032520835481398,767.6427066325324
1788922800,,,,,
1788926400,1788926422.0,58244640.0,767.120947313839,0.0154038370872485,767.120947313839
1788930000,1788930036.0,58280483.0,767.4208938484878,-0.0494891834782937,767.4208938484878
1788933600,,,,,
1788937200,1788937251.0,58352002.0,767.5474328007874,-0.0019530181645137,767.5474328007874
1788940800,,,,,
1788944400,1788944454.0,58423400.0,767.291690833956,0.1075034318774559,767.291690833956
1788948000,,,,,
1788951600,1788951659.0,58494780.0,764.6167754037921,-0.5962641190238315,764.6167754037921
1788955200,1788955236.0,58530219.0,764.8895825332902,0.0327349759179949,764.8895825332902
1788958800,1788958832.0,58565845.0,764.283331880817,-0.129455146909651,764.283331880817
1788962400,1788962436.0,58601549.0,764.9477427443638,0.3821110066968637,764.9477427443638
1788966000,1788966056.0,58637421.0,764.3562456922997,-0.9390603324509672,764.3562456922997
1788969600,1788969661.0,58673148.0,763.2640568787974,0.0184509175032716,763.2640568787974
1788973200,,,,,
1788976800,1788976852.0,58744432.0,763.5613393130104,-0.0523600899720377,763.5613393130104
1788980400,1788980462.0,58780206.0,763.3255886019969,0.0082089180433297,763.3255886019969
1788984000,1788984050.0,58815830.0,762.803330908511,-0.0124800608900389,762.803330908511
1788987600,1788987639.0,58851442.0,762.7306748961006,0.019308404476042,762.7306748961006
1788991200,1788991249.0,58887247.0,762.514917150279,-0.096779583202899,762.514917150279
1788994800,1788994852.0,58923013.0,762.7103344209626,0.0116700531682452,762.7103344209626
1788998400,1788998455.0,58958745.0,763.1559127751112,-1.8944614169692209,763.1559127751112
1789002000,1789002023.0,58994121.0,763.2642586290701,-0.0179783297760174,763.2642586290701
1789005600,1789005600.0,59029599.0,763.2523606870856,-0.1964317218086587,763.2523606870856
1789009200,,,,,
1789012800,,,,,
1789016400,1789016448.0,59137079.0,763.6847253600178,-1.8872711534649464,763.6847253600178
1789020000,,,,,
1789023600,1789023636.0,59208292.0,764.197657129653,-0.0656460002260926,764.197657129653
1789027200,1789027210.0,59243682.0,764.3408977571439,-0.2615370667429196,764.3408977571439
1789030800,,,,,
1789034400,1789034433.0,59315270.0,763.2353414160632,-0.0215345826749156,763.2353414160632
1789038000,,,,,
1789041600,1789041654.0,59386871.0,762.2381344433514,-0.0260943168607011,762.2381344433514
1789045200,,,,,
1789048800,,,,,
1789052400,,,,,
1789056000,1789056058.0,59529723.0,759.6634971048829,0.0063400726218327,759.6634971048829
1789059600,1789059662.0,59565381.0,759.3519041614511,-0.0342226705153974,759.3519041614511
1789063200,,,,,
1789066800,,,,,
1789070400,,,,,
1789074000,,,,,
1789077600,,,,,
1789081200,,,,,
1789084800,1789084851.0,59815398.0,757.4375035241168,-1.4180739299812488,757.4375035241168
1789088400,,,,,
1789092000,,,,,
1789095600,1789095653.0,59921894.0,758.5614296789759,-0.0039331126136857,758.5614296789759
1789099200,1789099211.0,59957058.0,758.211567532135,0.2409995785252843,758.211567532135
1789102800,1789102831.0,59992652.0,759.1593426975631,-1.2706311284640883,759.1593426975631
1789106400,,,,,
1789110000,,,,,
1789113600,,,,,
1789117200,1789117249.0,60134670.0,762.1616074571087,-0.3222214847616512,762.1616074571087
1789120800,,,,,
1789124400,,,,,
1789128000,,,,,
1789131600,,,,,
1789135200,1789135247.0,60311247.0,763.6909760937583,-6.120551398149989,763.6909760937583
1789138800,1789138866.0,60346509.0,764.2840583397627,-0.1307769263365027,764.2840583397627
1789142400,1789142424.0,60381335.0,765.3597776667489,-0.0121175563344267,765.3597776667489
1789146000,,,,,
1789149600,1789149645.0,60452459.0,765.7064447256092,0.0078821908307254,765.7064447256092
1789153200,1789153249.0,60487796.0,765.5696302828766,0.0721415126423701,765.5696302828766
1789156800,,,,,
1789160400,,,,,
1789164000,,,,,
1789167600,,,,,
1789171200,,,,,
1789174800,,,,,
1789178400,1789178444.0,60734897.0,764.8386864335471,-9.4742854286341e-05,764.8386864335471
1789182000,1789182031.0,60770202.0,764.9341296013126,-0.0764326623848051,764.9341296013126
1789185600,,,,,
1789189200,,,,,
1789192800,,,,,
1789196400,1789196446.0,60912161.0,765.3420558054331,-9.4680541388089e-05,765.3420558054331
1789200000,,,,,
1789203600,,,,,
1789207200,1789207254.0,61018790.0,765.6374820277658,-0.1422258563349832,765.6374820277658
1789210800,,,,,
1789214400,1789214444.0,61089838.0,765.8746508085411,0.0077627809502154,765.8746508085411
1789218000,,,,,
1789221600,1789221614.0,61160473.0,765.5852585044463,-0.0010890317202105,765.5852585044463
1789225200,,,,,
1789228800,,,,,
1789232400,1789232437.0,61265954.0,765.6070240467709,1.0701587468562856,765.6070240467709
1789236000,,,,,
1789239600,,,,,
1789243200,1789243265.0,61372562.0,765.516471996802,0.604178649168827,765.516471996802
1789246800,,,,,
1789250400,,,,,
1789254000,1789254053.0,61478788.0,765.3458440756183,0.0278356244914559,765.3458440756183
1789257600,,,,,
1789261200,,,,,
1789264800,1789264837.0,61585081.0,765.4263014602609,0.030809498554476,765.4263014602609
1789268400,,,,,
1789272000,1789272051.0,61656343.0,765.0034860955874,0.291961574751355,765.0034860955874
1789275600,1789275649.0,61691883.0,764.3742511991472,0.3091780692645312,764.3742511991472
1789279200,,,,,
1789282800,,,,,
1789286400,,,,,
1789290000,1789290002.0,61833700.0,762.3469945442234,0.0035675270765519,762.3469945442234
1789293600,,,,,
1789297200,,,,,
1789300800,,,,,
1789304400,,,,,
1789308000,,,,,
1789311600,1789311628.0,62046796.0,760.9050170668544,0.1070575249129879,760.9050170668544
1789315200,,,,,
1789318800,1789318834.0,62117652.0,761.8257308421172,-0.0048498085764621,761.8257308421172
1789322400,1789322413.0,62152856.0,761.0762415463565,-0.001306704920653,761.0762415463565
1789326000,,,,,
1789329600,,,,,
1789333200,,,,,
1789336800,1789336854.0,62295120.0,760.4083029770059,-0.0600870630401425,760.4083029770059
1789340400,1789340446.0,62330492.0,760.2763628169168,0.4574266331347952,760.2763628169168
1789344000,1789344033.0,62365825.0,760.151765501943,-0.0740038146215286,760.151765501943
1789347600,1789347639.0,62401347.0,760.2178495858686,0.3156856405557724,760.2178495858686
1789351200,1789351218.0,62436634.0,761.0704364080364,-0.0191396393684579,761.0704364080364
1789354800,1789354823.0,62472162.0,761.5428899105757,-0.4486246728994245,761.5428899105757
1789358400,,,,,
1789362000,,,,,
1789365600,,,,,
1789369200,,,,,
1789372800,1789372829.0,62649701.0,759.4866777747899,0.2120921897962804,759.4866777747899
1789376400,1789376460.0,62685528.0,759.1546904952729,-1.7129965297021363,759.1546904952729
1789380000,1789380057.0,62720990.0,758.735796534791,0.0159487468020254,758.735796534791
1789383600,,,,,
1789387200,,,,,
1789390800,,,,,
1789394400,,,,,
1789398000,1789398038.0,62897963.0,758.7838485228933,0.5271667073482893,758.7838485228933
1789401600,1789401655.0,62933427.0,761.5242688979603,-0.0213412583117284,761.5242688979603
1789405200,1789405234.0,62968554.0,762.9985280514284,0.1225522162427826,762.9985280514284
1789408800,1789408844.0,63003933.0,762.9816956772157,-0.031979122911856,762.9816956772157
1789412400,1789412434.0,63039155.0,762.2143065469895,-0.6854222132168845,762.2143065469895
1789416000,1789416060.0,63074808.0,761.3606224795229,-0.0036535769156772,761.3606224795229
1789419600,,,,,
1789423200,,,,,
1789426800,1789426850.0,63181021.0,761.1469272236147,-0.002234793529327,761.1469272236147
1789430400,1789430457.0,63216504.0,760.9019883121905,9.1350011093481e-05,760.9019883121905
1789434000,1789434065.0,63251964.0,761.0456168172399,0.2139091575991968,761.0456168172399
1789437600,1789437628.0,63287072.0,760.979315978383,-0.0636274249168749,760.979315978383
1789441200,,,,,
1789444800,1789444808.0,63357863.0,760.1884113097501,0.034523785719408,760.1884113097501
1789448400,1789448406.0,63393377.0,759.0932006527216,-0.0046616448889639,759.0932006527216
1789452000,,,,,
1789455600,,,,,
1789459200,,,,,
1789462800,1789462806.0,63535302.0,757.422435457004,-0.0043785765015808,757.422435457004
1789466400,1789466447.0,63571260.0,758.0332962664852,0.2506985347172003,758.0332962664852
1789470000,1789470025.0,63606529.0,759.0113495311654,-1.344643706440499,759.0113495311654
1789473600,1789473598.0,63641659.0,759.2813851369905,-0.0029903438317306,759.2813851369905
1789477200,1789477202.0,63676881.0,760.3471536365613,-0.3991078561299258,760.3471536365613
1789480800,,,,,
1789484400,1789484457.0,63746985.0,756.850937989299,0.3539785304578614,756.850937989299
1789488000,1789488046.0,63781834.0,757.5339095423419,-0.0023789882274195,757.5339095423419
1789491600,1789491616.0,63816679.0,757.7707285887425,0.1972777702954814,757.7707285887425
1789495200,1789495219.0,63851604.0,757.2928827297193,-0.0329562886170483,757.2928827297193
1789498800,1789498816.0,63885801.0,757.3587576333931,0.0455706170563434,757.3587576333931
1789502400,1789502448.0,63920986.0,757.2861902339288,-0.6564178175721451,757.2861902339288
1789506000,1789506084.0,63956415.0,757.6695976740075,0.9013913963002368,757.6695976740075
1789509600,1789509659.0,63991358.0,757.8319056852911,0.0180094260680718,757.8319056852911
1789513200,,,,,
1789516800,,,,,
1789520400,,,,,
1789524000,1789524046.0,64134387.0,757.7702905895686,0.1902002321408666,757.7702905895686
1789527600,,,,,
1789531200,,,,,
1789534800,,,,,
1789538400,,,,,
1789542000,1789542057.0,64313383.0,758.4189780584715,-0.5497914272722892,758.4189780584715
1789545600,1789545652.0,64349098.0,758.8018880011418,-0.1819952627668553,758.8018880011418
1789549200,,,,,
1789552800,,,,,
1789556400,1789556455.0,64456407.0,759.2641965546011,-7.347467449504844,759.2641965546011
1789560000,1789560033.0,64491886.0,759.4212397176208,-0.0128834430362828,759.4212397176208
1789563600,1789563662.0,64527958.0,759.4250328258055,-0.0109716312795764,759.4250328258055
1789567200,1789567208.0,64563195.0,760.037259335403,-0.0119130417926804,760.037259335403
1789570800,1789570835.0,64599317.0,760.0493800698553,-0.9101922257662391,760.0493800698553
1789574400,1789574416.0,64635052.0,760.6896488012547,-0.0159073767427576,760.6896488012547
1789578000,1789578027.0,64670859.0,760.0899927317209,0.0289613096869804,760.0899927317209
1789581600,1789581664.0,64706772.0,759.8636439563498,0.7041089618560761,759.8636439563498
1789585200,1789585262.0,64742520.0,755.6044290119902,-0.602692620896851,755.6044290119902
1789588800,1789588842.0,64778208.0,755.2669888547072,0.3740064297719868,755.2669888547072
1789592400,,,,,
1789596000,,,,,
1789599600,,,,,
1789603200,,,,,
1789606800,,,,,
1789610400,1789610409.0,64992348.0,757.954086514981,0.0344384699692809,757.954086514981
1789614000,,,,,
1789617600,1789617635.0,65064169.0,758.1597916817699,-0.0176359288560524,758.1597916817699
1789621200,1789621242.0,65100009.0,758.3096968520172,0.038042219257391,758.3096968520172
1789624800,1789624831.0,65135629.0,757.5983118131801,0.6614780149500928,757.5983118131801
1789628400,,,,,
1789632000,,,,,
1789635600,1789635647.0,65243072.0,759.6294181943977,-1.473875210852415,759.6294181943977
1789639200,,,,,
1789642800,,,,,
1789646400,1789646458.0,65350440.0,760.6809785823351,-2.044540630055649,760.6809785823351
1789650000,1789650061.0,65386251.0,763.3568485289057,0.6027136490382224,763.3568485289057
1789653600,1789653656.0,65421986.0,761.394416400998,0.0143130406254755,761.394416400998
1789657200,1789657207.0,65457322.0,761.0903654425575,0.0245127854937486,761.0903654425575
1789660800,1789660839.0,65493438.0,762.2365908837578,0.0039464856,762.2365908837578
1789664400,1789664448.0,65529319.0,762.3745502356456,-0.2026663258669426,762.3745502356456
1789668000,,,,,
1789671600,1789671607.0,65600578.0,762.7452197554542,-0.0130384681135083,762.7452197554542
1789675200,,,,,
1789678800,1789678850.0,65672584.0,762.8800516265394,0.1965881170142616,762.8800516265394
1789682400,1789682424.0,65708094.0,762.7388856374153,0.5574181785255136,762.7388856374153
1789686000,1789686024.0,65743965.0,762.3674147300638,0.0650643138451487,762.3674147300638
1789689600,1789689661.0,65780089.0,762.299677097426,1.216449923034605,762.299677097426
1789693200,,,,,
1789696800,,,,,
1789700400,,,,,
1789704000,1789704036.0,65922750.0,763.4523318747899,-0.1641091999861106,763.4523318747899
1789707600,1789707647.0,65958516.0,763.822772867246,0.2558388542562841,763.822772867246
1789711200,1789711234.0,65993943.0,764.1039513468384,-0.1549622829788358,764.1039513468384
1789714800,,,,,
1789718400,,,,,
1789722000,1789722051.0,66101183.0,764.3941230219523,-0.0028282087063728,764.3941230219523
1789725600,,,,,
1789729200,1789729250.0,66172624.0,764.1701140401547,1.276298666661927,764.1701140401547
1789732800,1789732854.0,66208423.0,763.1613065015089,0.689345091105508,763.1613065015089
1789736400,,,,,
1789740000,1789740015.0,66279685.0,761.5813187801267,0.0520928596934788,761.5813187801267
1789743600,1789743661.0,66315919.0,761.2277871843469,-0.0114804807129682,761.2277871843469
1789747200,1789747251.0,66351635.0,760.7496521927329,3.533119549822523,760.7496521927329
1789750800,1789750824.0,66387113.0,761.321857497462,0.0137399330489833,761.321857497462
1789754400,1789754435.0,66422883.0,762.3664418851841,2.382222469460692,762.3664418851841
1789758000,1789758058.0,66458791.0,763.1880459085181,0.0323371903771409,763.1880459085181
1789761600,,,,,
1789765200,,,,,
1789768800,,,,,
1789772400,1789772428.0,66601460.0,764.0653512580741,-0.0004186539830819,764.0653512580741
1789776000,,,,,
1789779600,1789779638.0,66673079.0,764.0048339271654,-0.0142729320323293,764.0048339271654
1789783200,,,,,
1789786800,,,,,
1789790400,,,,,
1789794000,,,,,
1789797600,,,,,
1789801200,,,,,
1789804800,,,,,
1789808400,,,,,
1789812000,1789812017.0,66994199.0,763.7843303926703,0.0028303224586313,763.7843303926703
1789815600,,,,,
1789819200,,,,,
1789822800,,,,,
1789826400,1789826444.0,67137466.0,763.6718796153558,0.0049485311705947,763.6718796153558
1789830000,,,,,
1789833600,,,,,
1789837200,,,,,
1789840800,,,,,
1789844400,,,,,
1789848000,,,,,
1789851600,1789851602.0,67387644.0,764.7317789912137,0.0048506612119486,764.7317789912137
1789855200,,,,,
1789858800,,,,,
1789862400,1789862431.0,67494978.0,764.4993841184516,-3.844271687647721,764.4993841184516
1789866000,,,,,
1789869600,,,,,
1789873200,,,,,
1789876800,,,,,
1789880400,1789880450.0,67673410.0,763.3083837376419,2.6470703975083745,763.3083837376419
1789884000,,,,,
1789887600,1789887626.0,67743991.0,763.2662652441518,0.0002003826972651,763.2662652441518
1789891200,1789891272.0,67779826.0,763.1186642986971,-0.2077956628333216,763.1186642986971
1789894800,,,,,
1789898400,,,,,
1789902000,,,,,
1789905600,,,,,
1789909200,,,,,
1789912800,,,,,
1789916400,1789916429.0,68029227.0,763.0440755240533,-2.215245668332111,763.0440755240533
1789920000,,,,,
1789923600,1789923602.0,68100758.0,763.5274390360768,0.0028585716742531,763.5274390360768
1789927200,,,,,
1789930800,1789930850.0,68172999.0,763.3721994251446,0.0022499252880521,763.3721994251446
1789934400,,,,,
1789938000,,,,,
1789941600,,,,,
1789945200,,,,,
1789948800,1789948816.0,68351367.0,765.0421314821555,0.1462712797453078,765.0421314821555
1789952400,,,,,
1789956000,,,,,
1789959600,,,,,
1789963200,,,,,
1789966800,,,,,
1789970400,1789970427.0,68565788.0,765.9406220837989,0.3472225108920908,765.9406220837989
1789974000,1789974032.0,68601460.0,766.3982045641214,-0.1563740366224679,766.3982045641214
1789977600,1789977660.0,68637422.0,767.1016551165279,-1.7064439257751554,767.1016551165279
1789981200,,,,,
1789984800,,,,,
1789988400,1789988421.0,68744362.0,768.0761871630646,0.9594521850871308,768.0761871630646
1789992000,1789992036.0,68780249.0,767.9954106440547,0.0026349348387165,767.9954106440547
1789995600,1789995628.0,68816032.0,767.9113632668992,0.0013323265051262,767.9113632668992
1789999200,1789999258.0,68852203.0,768.5143920391484,0.2089214288364826,768.5143920391484
1790002800,1790002836.0,68887936.0,770.2508072045713,-1.5144517252596608,770.2508072045713
1790006400,1790006456.0,68924066.0,771.8748849929366,0.0265541644572496,771.8748849929366
1790010000,1790010045.0,68959953.0,772.4916211553021,0.0117952510727962,772.4916211553021
1790013600,1790013643.0,68995892.0,772.7143644009352,0.0257405285556654,772.7143644009352
1790017200,,,,,
1790020800,1790020845.0,69067752.0,774.9240493848469,0.5468685806172259,774.9240493848469
1790024400,,,,,
1790028000,1790028025.0,69139176.0,774.4226413075747,0.6702214385511729,774.4226413075747
1790031600,,,,,
1790035200,1790035200.0,69210499.0,774.9474743181921,-1.8771178497511145,774.9474743181921
1790038800,,,,,
1790042400,1790042437.0,69282486.0,774.6393346498813,-1.5441135075415686,774.6393346498813
1790046000,,,,,
1790049600,,,,,
1790053200,,,,,
1790056800,,,,,
1790060400,1790060430.0,69460201.0,774.8658975560849,-0.0321791778944635,774.8658975560849
1790064000,1790064016.0,69495489.0,774.5928352287024,1.48654036490412,774.5928352287024
1790067600,1790067651.0,69531399.0,774.7155340657744,-1.168652793678051,774.7155340657744
1790071200,,,,,
1790074800,,,,,
1790078400,1790078417.0,69637897.0,775.2587685173792,-0.0847501889190276,775.2587685173792
1790082000,,,,,
1790085600,1790085616.0,69709475.0,775.5378553384908,-0.0140151988411045,775.5378553384908
1790089200,,,,,
1790092800,,,,,
1790096400,1790096415.0,69817111.0,774.9484113897048,0.0123785654112177,774.9484113897048
1790100000,,,,,
1790103600,1790103640.0,69889060.0,775.1524327217942,7.7657353735377e-05,775.1524327217942
1790107200,,,,,
1790110800,1790110836.0,69960594.0,774.9118118905534,0.1336285506761245,774.9118118905534
1790114400,1790114450.0,69996602.0,774.7064909309286,-0.0250167571139526,774.7064909309286
1790118000,,,,,
1790121600,1790121649.0,70068224.0,774.9047232281953,-0.0123807971828261,774.9047232281953
1790125200,1790125201.0,70103506.0,774.9690293251683,7.7657353735377e-05,774.9690293251683
1790128800,,,,,
1790132400,,,,,
1790136000,,,,,
1790139600,,,,,
1790143200,,,,,
1790146800,,,,,
1790150400,,,,,
1790154000,,,,,
1790157600,,,,,
1790161200,1790161232.0,70460847.0,775.2845750030383,0.7495322570001934,775.2845750030383
1790164800,1790164824.0,70496455.0,774.446214200545,0.0803999044888646,774.446214200545
1790168400,,,,,
1790172000,1790172021.0,70567959.0,772.503122276968,-0.2328944067866615,772.503122276968
1790175600,1790175660.0,70604138.0,771.4894539154633,-0.4367071302076228,771.4894539154633
1790179200,1790179260.0,70639930.0,770.352730871865,0.8320614789346269,770.352730871865
1790182800,1790182818.0,70675384.0,769.5130412252097,0.1064330903981167,769.5130412252097
1790186400,1790186425.0,70711341.0,770.1892331187848,0.0012655113603873,770.1892331187848
1790190000,1790190021.0,70747103.0,770.0348481348944,-0.0645753161374197,770.0348481348944
1790193600,1790193603.0,70782734.0,769.4049058153144,0.308302349938887,769.4049058153144
1790197200,1790197208.0,70818591.0,769.5757134757993,0.4540963131912539,769.5757134757993
1790200800,,,,,
1790204400,,,,,
1790208000,,,,,
1790211600,,,,,
1790215200,,,,,
1790218800,,,,,
1790222400,,,,,
1790226000,1790226052.0,71104031.0,767.5995497349726,-1.1174938117786286,767.5995497349726
1790229600,1790229646.0,71139460.0,766.9625460371057,-0.0064784205998496,766.9625460371057
1790233200,1790233252.0,71175079.0,766.1963966771335,-0.0019816878529569,766.1963966771335
1790236800,,,,,
1790240400,1790240456.0,71246373.0,764.5307458295547,-0.011725004053176,764.5307458295547
1790244000,1790244046.0,71281935.0,764.3774041831693,-0.5098571026018803,764.3774041831693
1790247600,,,,,
1790251200,1790251224.0,71352966.0,765.0088201671683,0.0264408321310182,765.0088201671683
1790254800,1790254861.0,71389040.0,765.2010682548815,-1.2890682085184573,765.2010682548815
1790258400,1790258443.0,71424674.0,766.443208463965,-1.832515121543132,766.443208463965
1790262000,,,,,
1790265600,1790265641.0,71496259.0,765.3254841530328,0.6783121154881654,765.3254841530328
1790269200,1790269244.0,71532102.0,769.3897252588505,0.1142384249862594,769.3897252588505
1790272800,,,,,
1790276400,,,,,
1790280000,1790280052.0,71639751.0,769.0963741988103,0.0023595542170289,769.0963741988103
1790283600,,,,,
1790287200,,,,,
1790290800,1790290819.0,71746869.0,767.7927154586255,-0.0129039357606792,767.7927154586255
1790294400,,,,,
1790298000,,,,,
1790301600,,,,,
1790305200,1790305199.0,71889464.0,768.2692932694596,-0.0019846987627462,768.2692932694596
1790308800,,,,,
1790312400,,,,,
1790316000,,,,,
1790319600,,,,,
1790323200,,,,,
1790326800,,,,,
1790330400,,,,,
1790334000,,,,,
1790337600,1790337618.0,72209968.0,771.7670607413176,0.0308716052801257,771.7670607413176
1790341200,1790341221.0,72245757.0,770.9182655554049,-0.509000832434307,770.9182655554049
1790344800,1790344852.0,72281861.0,770.9178798739472,-0.0064438344758489,770.9178798739472
1790348400,1790348442.0,72317656.0,769.6361840853807,-0.9399999991361292,769.6361840853807
1790352000,1790352055.0,72353580.0,771.1750195683019,-1.5657634132244502,771.1750195683019
1790355600,1790355627.0,72389174.0,771.7544700576458,-0.0081604023851407,771.7544700576458
1790359200,,,,,
1790362800,1790362850.0,72461063.0,772.0853990514876,0.137480422773673,772.0853990514876
1790366400,,,,,
1790370000,,,,,
1790373600,,,,,
1790377200,,,,,
1790380800,1790380841.0,72639724.0,773.1967869841473,-0.1953535773123126,773.1967869841473
1790384400,1790384414.0,72675129.0,771.558258359812,0.0004703763087971,771.558258359812
1790388000,,,,,
1790391600,,,,,
1790395200,,,,,
1790398800,,,,,
1790402400,,,,,
1790406000,,,,,
1790409600,1790409654.0,72923999.0,771.7299975999257,0.0541736827362756,771.7299975999257
1790413200,,,,,
1790416800,1790416808.0,72994673.0,771.5819310675635,-0.2935159034471141,771.5819310675635
1790420400,,,,,
1790424000,,,,,
1790427600,,,,,
1790431200,,,,,
1790434800,1790434862.0,73173862.0,771.9438085963017,0.0187240087412656,771.9438085963017
