ts,rate_frac,direction,value
1782500400,4e-06,long,0.00000000
1782504000,4e-06,long,0.00113300
1782507600,4e-06,long,0.00112952
1782511200,4e-06,long,0.00112680
1782514800,4e-06,long,0.00112976
1782518400,4e-06,long,0.00113020
1782522000,4e-06,long,0.00113020
1782525600,4e-06,long,0.00113020
1782529200,4e-06,long,0.00113020
1782532800,4e-06,long,0.00113020
1782536400,4e-06,long,0.00113020
1782540000,4e-06,long,0.00113020
1782543600,4e-06,long,0.00113020
1782547200,4e-06,long,0.00113020
1782550800,4e-06,long,0.00113020
1782554400,4e-06,long,0.00113020
1782558000,4e-06,long,0.00113020
1782561600,4e-06,long,0.00113020
1782565200,4e-06,long,0.00113020
1782568800,4e-06,long,0.00113020
1782572400,4e-06,long,0.00113020
1782576000,4e-06,long,0.00113020
1782579600,4e-06,long,0.00113020
1782583200,4e-06,long,0.00113020
1782586800,0.0,long,0.0
1782590400,0.0,long,0.0
1782594000,0.0,long,0.0
1782597600,0.0,long,0.0
1782601200,0.0,long,0.0
1782604800,4e-06,long,0.00113020
1782608400,4e-06,long,0.00113020
1782612000,4e-06,long,0.00113020
1782615600,4e-06,long,0.00113020
1782619200,4e-06,long,0.00113020
1782622800,4e-06,long,0.00113020
1782626400,4e-06,long,0.00113020
1782630000,4e-06,long,0.00113020
1782633600,4e-06,long,0.00113020
1782637200,4e-06,long,0.00113020
1782640800,4e-06,long,0.00113020
1782644400,4e-06,long,0.00113020
1782648000,4e-06,long,0.00113020
1782651600,4e-06,long,0.00113020
1782655200,4e-06,long,0.00113020
1782658800,4e-06,long,0.00113020
1782662400,4e-06,long,0.00113020
1782666000,4e-06,long,0.00113020
1782669600,4e-06,long,0.00113020
1782673200,4e-06,long,0.00113020
1782676800,4e-06,long,0.00113020
1782680400,4e-06,long,0.00113020
1782684000,4e-06,long,0.00113020
1782687600,4e-06,long,0.00113020
1782691200,4e-06,long,0.00113020
1782694800,4e-06,long,0.00114024
1782698400,4e-06,long,0.00114016
1782702000,4e-06,long,0.00113920
1782705600,4e-06,long,0.00114108
1782709200,4e-06,long,0.00113908
1782712800,4e-06,long,0.00114020
1782716400,4e-06,long,0.00113936
1782720000,4e-06,long,0.00113740
1782723600,4e-06,long,0.00113172
1782727200,4e-06,long,0.00113536
1782730800,4e-06,long,0.00113504
1782734400,4e-06,long,0.00113692
1782738000,4e-06,long,0.00113468
1782741600,4e-06,long,0.00113588
1782745200,4e-06,long,0.00112732
1782748800,4e-06,long,0.00112600
1782752400,4e-06,long,0.00112120
1782756000,4e-06,long,0.00112804
1782759600,4e-06,long,0.00112808
1782763200,4e-06,long,0.00112684
1782766800,4e-06,long,0.00112588
1782770400,4e-06,long,0.00112604
1782774000,4e-06,long,0.00112444
1782777600,4e-06,long,0.00112548
1782781200,4e-06,long,0.00112448
1782784800,4e-06,long,0.00112552
1782788400,4e-06,long,0.00112412
1782792000,4e-06,long,0.00112440
1782795600,4e-06,long,0.00112608
1782799200,4e-06,long,0.00112632
1782802800,4e-06,long,0.00112624
1782806400,4e-06,long,0.00112500
1782810000,4e-06,long,0.00112384
1782813600,4e-06,long,0.00112548
1782817200,4e-06,long,0.00112660
1782820800,4e-06,long,0.00112632
1782824400,4e-06,long,0.00112872
1782828000,4e-06,long,0.00114124
1782831600,4e-06,long,0.00114788
1782835200,4e-06,long,0.00115492
1782838800,4e-06,long,0.00115672
1782842400,4e-06,long,0.00115360
1782846000,4e-06,long,0.00114792
1782849600,4e-06,long,0.00115704
1782853200,4e-06,long,0.00115668
1782856800,4e-06,long,0.00115592
1782860400,4e-06,long,0.00115640
1782864000,4e-06,long,0.00115640
1782867600,4e-06,long,0.00115740
1782871200,4e-06,long,0.00115668
1782874800,4e-06,long,0.00115888
1782878400,4e-06,long,0.00115880
1782882000,4e-06,long,0.00115844
1782885600,4e-06,long,0.00115856
1782889200,4e-06,long,0.00115800
1782892800,4e-06,long,0.00115856
1782896400,4e-06,long,0.00115680
1782900000,4e-06,long,0.00115704
1782903600,4e-06,long,0.00115720
1782907200,4e-06,long,0.00115612
1782910800,4e-06,long,0.00117364
1782914400,4e-06,long,0.00116976
1782918000,4e-06,long,0.00117872
1782921600,4e-06,long,0.00118100
1782925200,4e-06,long,0.00117696
1782928800,4e-06,long,0.00117488
1782932400,4e-06,long,0.00117888
1782936000,4e-06,long,0.00117760
1782939600,4e-06,long,0.00117644
1782943200,4e-06,long,0.00117548
1782946800,4e-06,long,0.00117640
1782950400,4e-06,long,0.00117824
1782954000,4e-06,long,0.00118240
1782957600,4e-06,long,0.00118024
1782961200,4e-06,long,0.00118060
1782964800,4e-06,long,0.00118556
1782968400,4e-06,long,0.00118432
1782972000,4e-06,long,0.00118500
1782975600,4e-06,long,0.00118636
1782979200,4e-06,long,0.00118728
1782982800,4e-06,long,0.00118708
1782986400,4e-06,long,0.00118284
1782990000,4e-06,long,0.00118436
1782993600,4e-06,long,0.00117976
1782997200,4e-06,long,0.00117860
1783000800,4e-06,long,0.00121064
1783004400,4e-06,long,0.00122732
1783008000,4e-06,long,0.00122248
1783011600,4e-06,long,0.00123320
1783015200,4e-06,long,0.00122916
1783018800,4e-06,long,0.00123052
1783022400,4e-06,long,0.00123320
1783026000,4e-06,long,0.00123180
1783029600,4e-06,long,0.00123212
1783033200,4e-06,long,0.00123232
1783036800,4e-06,long,0.00123380
1783040400,4e-06,long,0.00123012
1783044000,4e-06,long,0.00122908
1783047600,4e-06,long,0.00123204
1783051200,4e-06,long,0.00123148
1783054800,4e-06,long,0.00123176
1783058400,4e-06,long,0.00123312
1783062000,4e-06,long,0.00123528
1783065600,4e-06,long,0.00123524
1783069200,4e-06,long,0.00123500
1783072800,4e-06,long,0.00123304
1783076400,4e-06,long,0.00123364
1783080000,4e-06,long,0.00123308
1783083600,4e-06,long,0.00123284
1783087200,4e-06,long,0.00123268
1783090800,4e-06,long,0.00123300
1783094400,4e-06,long,0.00123260
1783098000,9e-06,long,0.00278316
1783101600,4e-06,long,0.00123792
1783105200,4e-06,long,0.00123812
1783108800,4e-06,long,0.00123804
1783112400,4e-06,long,0.00123692
1783116000,4e-06,long,0.00123580
1783119600,4e-06,long,0.00123568
1783123200,4e-06,long,0.00123512
1783126800,4e-06,long,0.00123436
1783130400,4e-06,long,0.00123332
1783134000,4e-06,long,0.00123276
1783137600,4e-06,long,0.00123260
1783141200,4e-06,long,0.00123464
1783144800,4e-06,long,0.00123584
1783148400,4e-06,long,0.00123616
1783152000,4e-06,long,0.00123624
1783155600,4e-06,long,0.00123612
1783159200,4e-06,long,0.00123408
1783162800,4e-06,long,0.00123356
1783166400,4e-06,long,0.00123428
1783170000,4e-06,long,0.00123484
1783173600,4e-06,long,0.00123320
1783177200,4e-06,long,0.00123184
1783180800,4e-06,long,0.00123352
1783184400,4e-06,long,0.00123312
1783188000,4e-06,long,0.00123216
1783191600,4e-06,long,0.00123256
1783195200,4e-06,long,0.00123264
1783198800,4e-06,long,0.00123332
1783202400,4e-06,long,0.00123240
1783206000,4e-06,long,0.00123264
1783209600,4e-06,long,0.00123252
1783213200,4e-06,long,0.00123204
1783216800,4e-06,long,0.00123176
1783220400,4e-06,long,0.00123128
1783224000,4e-06,long,0.00123088
1783227600,4e-06,long,0.00123120
1783231200,4e-06,long,0.00123280
1783234800,4e-06,long,0.00123324
1783238400,4e-06,long,0.00123336
1783242000,4e-06,long,0.00123324
1783245600,4e-06,long,0.00123236
1783249200,4e-06,long,0.00123168
1783252800,4e-06,long,0.00123216
1783256400,4e-06,long,0.00123192
1783260000,4e-06,long,0.00123240
1783263600,4e-06,long,0.00123296
1783267200,4e-06,long,0.00123296
1783270800,4e-06,long,0.00123232
1783274400,4e-06,long,0.00123400
1783278000,4e-06,long,0.00123564
1783281600,4e-06,long,0.00123632
1783285200,4e-06,long,0.00123620
1783288800,4e-06,long,0.00123456
1783292400,4e-06,long,0.00123420
1783296000,4e-06,long,0.00123540
1783299600,4e-06,long,0.00122452
1783303200,4e-06,long,0.00122424
1783306800,4e-06,long,0.00122724
1783310400,4e-06,long,0.00122528
1783314000,4e-06,long,0.00122588
1783317600,4e-06,long,0.00122524
1783321200,4e-06,long,0.00122344
1783324800,4e-06,long,0.00122424
1783328400,4e-06,long,0.00122316
1783332000,4e-06,long,0.00122292
1783335600,4e-06,long,0.00122300
1783339200,4e-06,long,0.00122756
1783342800,4e-06,long,0.00122976
1783346400,4e-06,long,0.00123824
1783350000,4e-06,long,0.00125012
1783353600,4e-06,long,0.00125440
1783357200,4e-06,long,0.00125008
1783360800,4e-06,long,0.00125080
1783364400,4e-06,long,0.00125312
1783368000,4e-06,long,0.00125088
1783371600,4e-06,long,0.00125080
1783375200,4e-06,long,0.00125072
1783378800,4e-06,long,0.00125044
1783382400,4e-06,long,0.00125100
1783386000,4e-06,long,0.00125316
1783389600,4e-06,long,0.00125648
1783393200,4e-06,long,0.00125520
1783396800,4e-06,long,0.00125668
1783400400,4e-06,long,0.00125844
1783404000,4e-06,long,0.00125356
1783407600,4e-06,long,0.00125124
1783411200,4e-06,long,0.00125324
1783414800,4e-06,long,0.00125700
1783418400,4e-06,long,0.00125824
1783422000,4e-06,long,0.00125756
1783425600,4e-06,long,0.00126020
1783429200,4e-06,long,0.00126032
1783432800,4e-06,long,0.00124632
1783436400,4e-06,long,0.00125140
1783440000,4e-06,long,0.00125676
1783443600,4e-06,long,0.00125456
1783447200,4e-06,long,0.00124752
1783450800,4e-06,long,0.00124800
1783454400,4e-06,long,0.00124228
1783458000,4e-06,long,0.00124452
1783461600,4e-06,long,0.00124328
1783465200,4e-06,long,0.00124520
1783468800,4e-06,long,0.00124684
1783472400,4e-06,long,0.00124620
1783476000,4e-06,long,0.00124492
1783479600,4e-06,long,0.00124296
1783483200,4e-06,long,0.00124240
1783486800,4e-06,long,0.00124188
1783490400,4e-06,long,0.00124416
1783494000,4e-06,long,0.00124500
1783497600,4e-06,long,0.00124520
1783501200,4e-06,long,0.00123648
1783504800,4e-06,long,0.00123672
1783508400,4e-06,long,0.00123888
1783512000,4e-06,long,0.00123928
1783515600,4e-06,long,0.00123936
1783519200,4e-06,long,0.00123616
1783522800,4e-06,long,0.00123556
1783526400,4e-06,long,0.00124092
1783530000,4e-06,long,0.00125240
1783533600,4e-06,long,0.00125752
1783537200,4e-06,long,0.00125556
1783540800,4e-06,long,0.00125328
1783544400,4e-06,long,0.00125284
1783548000,4e-06,long,0.00125364
1783551600,4e-06,long,0.00125320
1783555200,4e-06,long,0.00125268
1783558800,4e-06,long,0.00125124
1783562400,4e-06,long,0.00125104
1783566000,4e-06,long,0.00125308
1783569600,4e-06,long,0.00125616
1783573200,4e-06,long,0.00125704
1783576800,4e-06,long,0.00125800
1783580400,4e-06,long,0.00125404
1783584000,4e-06,long,0.00125240
1783587600,4e-06,long,0.00125036
1783591200,4e-06,long,0.00124968
1783594800,4e-06,long,0.00124948
1783598400,4e-06,long,0.00124944
1783602000,4e-06,long,0.00124660
1783605600,4e-06,long,0.00124380
1783609200,4e-06,long,0.00124604
1783612800,4e-06,long,0.00125908
1783616400,4e-06,long,0.00125884
1783620000,4e-06,long,0.00125992
1783623600,4e-06,long,0.00125772
1783627200,4e-06,long,0.00126440
1783630800,4e-06,long,0.00126220
1783634400,4e-06,long,0.00126300
1783638000,4e-06,long,0.00126180
1783641600,4e-06,long,0.00126120
1783645200,4e-06,long,0.00126024
1783648800,4e-06,long,0.00126020
1783652400,4e-06,long,0.00126100
1783656000,4e-06,long,0.00126088
1783659600,4e-06,long,0.00125976
1783663200,4e-06,long,0.00125996
1783666800,4e-06,long,0.00126028
1783670400,4e-06,long,0.00126100
1783674000,4e-06,long,0.00126084
1783677600,4e-06,long,0.00126068
1783681200,4e-06,long,0.00126088
1783684800,4e-06,long,0.00125740
1783688400,4e-06,long,0.00125840
1783692000,4e-06,long,0.00125740
1783695600,4e-06,long,0.00125508
1783699200,4e-06,long,0.00125308
1783702800,4e-06,long,0.00125876
1783706400,4e-06,long,0.00125668
1783710000,4e-06,long,0.00126104
1783713600,4e-06,long,0.00126088
1783717200,4e-06,long,0.00126028
1783720800,4e-06,long,0.00126036
1783724400,4e-06,long,0.00126008
1783728000,4e-06,long,0.00125988
1783731600,4e-06,long,0.00126332
1783735200,4e-06,long,0.00126376
1783738800,4e-06,long,0.00126364
1783742400,4e-06,long,0.00126368
1783746000,4e-06,long,0.00126324
1783749600,4e-06,long,0.00126280
1783753200,4e-06,long,0.00126332
1783756800,4e-06,long,0.00126372
1783760400,4e-06,long,0.00126404
1783764000,4e-06,long,0.00126308
1783767600,4e-06,long,0.00126252
1783771200,4e-06,long,0.00126224
1783774800,4e-06,long,0.00126204
1783778400,4e-06,long,0.00126296
1783782000,4e-06,long,0.00126316
1783785600,4e-06,long,0.00126336
1783789200,4e-06,long,0.00126268
1783792800,4e-06,long,0.00126352
1783796400,4e-06,long,0.00126384
1783800000,4e-06,long,0.00126404
1783803600,4e-06,long,0.00126468
1783807200,4e-06,long,0.00126416
1783810800,4e-06,long,0.00126252
1783814400,4e-06,long,0.00126136
1783818000,4e-06,long,0.00125956
1783821600,4e-06,long,0.00125968
1783825200,4e-06,long,0.00125760
1783828800,4e-06,long,0.00125716
1783832400,4e-06,long,0.00125732
1783836000,4e-06,long,0.00125716
1783839600,4e-06,long,0.00125660
1783843200,4e-06,long,0.00125632
1783846800,4e-06,long,0.00125672
1783850400,4e-06,long,0.00125724
1783854000,4e-06,long,0.00125740
1783857600,4e-06,long,0.00125792
1783861200,4e-06,long,0.00125848
1783864800,4e-06,long,0.00125908
1783868400,4e-06,long,0.00125904
1783872000,4e-06,long,0.00125980
1783875600,4e-06,long,0.00125964
1783879200,4e-06,long,0.00125944
1783882800,4e-06,long,0.00125944
1783886400,4e-06,long,0.00125972
1783890000,4e-06,long,0.00126004
1783893600,4e-06,long,0.00125940
1783897200,-4e-05,short,0.01253880
1783900800,4e-06,long,0.00125324
1783904400,4e-06,long,0.00125464
1783908000,4e-06,long,0.00125820
1783911600,4e-06,long,0.00125872
1783915200,4e-06,long,0.00125988
1783918800,4e-06,long,0.00126176
1783922400,4e-06,long,0.00126100
1783926000,4e-06,long,0.00126304
1783929600,4e-06,long,0.00126340
1783933200,4e-06,long,0.00126432
1783936800,4e-06,long,0.00126256
1783940400,4e-06,long,0.00126552
1783944000,4e-06,long,0.00126340
1783947600,4e-06,long,0.00126684
1783951200,4e-06,long,0.00128476
1783954800,4e-06,long,0.00127632
1783958400,4e-06,long,0.00126848
1783962000,4e-06,long,0.00126648
1783965600,4e-06,long,0.00126460
1783969200,4e-06,long,0.00126860
1783972800,4e-06,long,0.00126956
1783976400,4e-06,long,0.00126864
1783980000,4e-06,long,0.00126932
1783983600,4e-06,long,0.00126856
1783987200,4e-06,long,0.00127128
1783990800,4e-06,long,0.00127044
1783994400,4e-06,long,0.00126752
1783998000,4e-06,long,0.00126532
1784001600,4e-06,long,0.00126424
1784005200,4e-06,long,0.00126620
1784008800,4e-06,long,0.00126180
1784012400,4e-06,long,0.00126020
1784016000,4e-06,long,0.00125800
1784019600,4e-06,long,0.00125412
1784023200,4e-06,long,0.00125444
1784026800,4e-06,long,0.00125488
1784030400,4e-06,long,0.00125820
1784034000,4e-06,long,0.00125580
1784037600,4e-06,long,0.00125804
1784041200,4e-06,long,0.00125988
1784044800,4e-06,long,0.00125320
1784048400,4e-06,long,0.00125636
1784052000,4e-06,long,0.00126076
1784055600,4e-06,long,0.00126188
1784059200,4e-06,long,0.00125968
1784062800,4e-06,long,0.00125884
1784066400,4e-06,long,0.00125920
1784070000,4e-06,long,0.00125860
1784073600,4e-06,long,0.00126172
1784077200,4e-06,long,0.00126040
1784080800,4e-06,long,0.00126104
1784084400,4e-06,long,0.00126212
1784088000,4e-06,long,0.00126172
1784091600,4e-06,long,0.00126172
1784095200,4e-06,long,0.00126256
1784098800,4e-06,long,0.00126068
1784102400,4e-06,long,0.00125952
1784106000,4e-06,long,0.00127336
1784109600,4e-06,long,0.00126984
1784113200,4e-06,long,0.00126868
1784116800,4e-06,long,0.00126588
1784120400,4e-06,long,0.00126800
1784124000,4e-06,long,0.00128256
1784127600,4e-06,long,0.00129564
1784131200,4e-06,long,0.00130528
1784134800,4e-06,long,0.00131180
1784138400,4e-06,long,0.00131024
1784142000,4e-06,long,0.00131004
1784145600,4e-06,long,0.00130956
1784149200,4e-06,long,0.00130996
1784152800,4e-06,long,0.00130976
1784156400,4e-06,long,0.00131156
1784160000,4e-06,long,0.00131108
1784163600,4e-06,long,0.00131240
1784167200,4e-06,long,0.00131144
1784170800,4e-06,long,0.00131088
1784174400,4e-06,long,0.00131188
1784178000,4e-06,long,0.00131292
1784181600,4e-06,long,0.00131144
1784185200,4e-06,long,0.00131072
1784188800,4e-06,long,0.00130980
1784192400,4e-06,long,0.00131700
1784196000,4e-06,long,0.00131436
1784199600,4e-06,long,0.00131132
1784203200,4e-06,long,0.00131464
1784206800,4e-06,long,0.00131340
1784210400,4e-06,long,0.00132388
1784214000,4e-06,long,0.00132072
1784217600,4e-06,long,0.00132712
1784221200,4e-06,long,0.00132804
1784224800,4e-06,long,0.00132652
1784228400,4e-06,long,0.00133292
1784232000,4e-06,long,0.00133296
1784235600,4e-06,long,0.00133084
1784239200,4e-06,long,0.00133216
1784242800,4e-06,long,0.00133672
1784246400,4e-06,long,0.00133908
1784250000,4e-06,long,0.00134076
1784253600,4e-06,long,0.00135160
1784257200,4e-06,long,0.00134816
1784260800,4e-06,long,0.00134040
1784264400,4e-06,long,0.00133720
1784268000,4e-06,long,0.00134372
1784271600,4e-06,long,0.00133972
1784275200,4e-06,long,0.00134656
1784278800,4e-06,long,0.00133960
1784282400,4e-06,long,0.00133252
1784286000,4e-06,long,0.00133304
1784289600,4e-06,long,0.00133228
1784293200,4e-06,long,0.00133232
1784296800,4e-06,long,0.00132376
1784300400,4e-06,long,0.00133240
1784304000,4e-06,long,0.00132928
1784307600,4e-06,long,0.00132212
1784311200,4e-06,long,0.00132716
1784314800,4e-06,long,0.00133588
1784318400,4e-06,long,0.00133512
1784322000,4e-06,long,0.00133668
1784325600,4e-06,long,0.00133548
1784329200,4e-06,long,0.00133568
1784332800,4e-06,long,0.00133448
1784336400,4e-06,long,0.00133460
1784340000,4e-06,long,0.00133376
1784343600,4e-06,long,0.00133256
1784347200,4e-06,long,0.00133224
1784350800,4e-06,long,0.00133268
1784354400,4e-06,long,0.00133272
1784358000,4e-06,long,0.00133292
1784361600,4e-06,long,0.00133320
1784365200,4e-06,long,0.00133440
1784368800,4e-06,long,0.00133480
1784372400,4e-06,long,0.00133456
1784376000,4e-06,long,0.00133292
1784379600,4e-06,long,0.00133284
1784383200,4e-06,long,0.00133280
1784386800,4e-06,long,0.00133572
1784390400,4e-06,long,0.00133232
1784394000,4e-06,long,0.00133280
1784397600,4e-06,long,0.00133436
1784401200,4e-06,long,0.00133304
1784404800,4e-06,long,0.00133236
1784408400,4e-06,long,0.00133216
1784412000,4e-06,long,0.00133184
1784415600,4e-06,long,0.00133460
1784419200,4e-06,long,0.00133596
1784422800,4e-06,long,0.00133336
1784426400,4e-06,long,0.00133236
1784430000,4e-06,long,0.00133236
1784433600,4e-06,long,0.00133376
1784437200,4e-06,long,0.00133420
1784440800,4e-06,long,0.00133464
1784444400,4e-06,long,0.00133460
1784448000,4e-06,long,0.00133428
1784451600,4e-06,long,0.00133364
1784455200,4e-06,long,0.00133408
1784458800,4e-06,long,0.00133456
1784462400,4e-06,long,0.00133428
1784466000,4e-06,long,0.00133344
1784469600,4e-06,long,0.00133380
1784473200,4e-06,long,0.00133532
1784476800,4e-06,long,0.00133540
1784480400,4e-06,long,0.00133476
1784484000,4e-06,long,0.00133556
1784487600,4e-06,long,0.00133564
1784491200,4e-06,long,0.00133464
1784494800,4e-06,long,0.00133424
1784498400,4e-06,long,0.00133492
1784502000,4e-06,long,0.00133620
1784505600,4e-06,long,0.00133604
1784509200,4e-06,long,0.00133260
1784512800,4e-06,long,0.00133692
1784516400,4e-06,long,0.00133904
1784520000,4e-06,long,0.00133724
1784523600,4e-06,long,0.00133464
1784527200,4e-06,long,0.00133252
1784530800,4e-06,long,0.00133232
1784534400,4e-06,long,0.00133332
1784538000,4e-06,long,0.00133416
1784541600,4e-06,long,0.00133316
1784545200,4e-06,long,0.00133172
1784548800,4e-06,long,0.00132644
1784552400,4e-06,long,0.00133008
1784556000,4e-06,long,0.00131548
1784559600,4e-06,long,0.00130564
1784563200,4e-06,long,0.00130388
1784566800,4e-06,long,0.00129700
1784570400,4e-06,long,0.00129900
1784574000,4e-06,long,0.00130720
1784577600,4e-06,long,0.00130660
1784581200,4e-06,long,0.00130760
1784584800,4e-06,long,0.00130680
1784588400,4e-06,long,0.00130140
1784592000,4e-06,long,0.00130352
1784595600,4e-06,long,0.00130632
1784599200,4e-06,long,0.00130400
1784602800,4e-06,long,0.00130564
1784606400,4e-06,long,0.00130496
1784610000,4e-06,long,0.00130564
1784613600,4e-06,long,0.00130644
1784617200,4e-06,long,0.00130512
1784620800,4e-06,long,0.00130224
1784624400,4e-06,long,0.00129840
1784628000,4e-06,long,0.00130016
1784631600,4e-06,long,0.00129980
1784635200,4e-06,long,0.00130008
1784638800,4e-06,long,0.00130060
1784642400,4e-06,long,0.00129628
1784646000,4e-06,long,0.00130848
1784649600,4e-06,long,0.00131500
1784653200,4e-06,long,0.00131372
1784656800,4e-06,long,0.00131068
1784660400,4e-06,long,0.00131284
1784664000,4e-06,long,0.00131076
1784667600,4e-06,long,0.00130128
1784671200,4e-06,long,0.00130152
1784674800,4e-06,long,0.00129816
1784678400,4e-06,long,0.00129808
1784682000,4e-06,long,0.00129720
1784685600,4e-06,long,0.00129940
1784689200,4e-06,long,0.00130464
1784692800,4e-06,long,0.00130416
1784696400,4e-06,long,0.00130448
1784700000,4e-06,long,0.00130976
1784703600,4e-06,long,0.00130580
1784707200,4e-06,long,0.00130672
1784710800,4e-06,long,0.00130948
1784714400,4e-06,long,0.00130744
1784718000,4e-06,long,0.00130856
1784721600,4e-06,long,0.00130980
1784725200,4e-06,long,0.00130968
1784728800,4e-06,long,0.00130380
1784732400,4e-06,long,0.00130220
1784736000,4e-06,long,0.00130020
1784739600,4e-06,long,0.00129688
1784743200,4e-06,long,0.00129572
1784746800,4e-06,long,0.00129716
1784750400,4e-06,long,0.00130484
1784754000,4e-06,long,0.00130360
1784757600,4e-06,long,0.00130236
1784761200,4e-06,long,0.00130160
1784764800,4e-06,long,0.00130248
1784768400,4e-06,long,0.00130380
1784772000,4e-06,long,0.00130284
1784775600,4e-06,long,0.00130256
1784779200,4e-06,long,0.00130180
1784782800,4e-06,long,0.00130264
1784786400,4e-06,long,0.00130064
1784790000,4e-06,long,0.00129772
1784793600,4e-06,long,0.00129692
1784797200,4e-06,long,0.00129688
1784800800,4e-06,long,0.00129648
1784804400,4e-06,long,0.00129644
1784808000,4e-06,long,0.00129196
1784811600,4e-06,long,0.00129328
1784815200,4e-06,long,0.00128056
1784818800,4e-06,long,0.00128504
1784822400,4e-06,long,0.00128352
1784826000,4e-06,long,0.00128248
1784829600,4e-06,long,0.00128208
1784833200,4e-06,long,0.00128280
1784836800,4e-06,long,0.00128676
1784840400,4e-06,long,0.00128272
1784844000,4e-06,long,0.00128360
1784847600,4e-06,long,0.00128624
1784851200,4e-06,long,0.00128512
1784854800,4e-06,long,0.00128548
1784858400,4e-06,long,0.00128340
1784862000,4e-06,long,0.00128328
1784865600,4e-06,long,0.00128288
1784869200,4e-06,long,0.00128448
1784872800,4e-06,long,0.00128352
1784876400,4e-06,long,0.00128248
1784880000,4e-06,long,0.00128636
1784883600,4e-06,long,0.00128756
1784887200,4e-06,long,0.00128916
1784890800,4e-06,long,0.00129012
1784894400,4e-06,long,0.00129064
1784898000,4e-06,long,0.00128668
1784901600,4e-06,long,0.00130744
1784905200,4e-06,long,0.00131976
1784908800,4e-06,long,0.00133216
1784912400,4e-06,long,0.00133268
1784916000,4e-06,long,0.00133080
1784919600,4e-06,long,0.00133176
1784923200,4e-06,long,0.00133196
1784926800,4e-06,long,0.00133372
1784930400,4e-06,long,0.00133524
1784934000,4e-06,long,0.00133400
1784937600,4e-06,long,0.00133516
1784941200,-4e-06,short,0.00133136
1784944800,4e-06,long,0.00133080
1784948400,4e-06,long,0.00133040
1784952000,4e-06,long,0.00132984
1784955600,4e-06,long,0.00132864
1784959200,4e-06,long,0.00132812
1784962800,4e-06,long,0.00132828
1784966400,4e-06,long,0.00132976
1784970000,4e-06,long,0.00132920
1784973600,4e-06,long,0.00132848
1784977200,4e-06,long,0.00132864
1784980800,4e-06,long,0.00132944
1784984400,4e-06,long,0.00132892
1784988000,4e-06,long,0.00132868
1784991600,4e-06,long,0.00132888
1784995200,4e-06,long,0.00132956
1784998800,4e-06,long,0.00132936
1785002400,4e-06,long,0.00132988
1785006000,4e-06,long,0.00133112
1785009600,4e-06,long,0.00133164
1785013200,4e-06,long,0.00133160
1785016800,4e-06,long,0.00133148
1785020400,4e-06,long,0.00133212
1785024000,4e-06,long,0.00133172
1785027600,4e-06,long,0.00133204
1785031200,4e-06,long,0.00133208
1785034800,4e-06,long,0.00133140
1785038400,4e-06,long,0.00133152
1785042000,4e-06,long,0.00133172
1785045600,4e-06,long,0.00133168
1785049200,4e-06,long,0.00133116
1785052800,4e-06,long,0.00133112
1785056400,4e-06,long,0.00133100
1785060000,4e-06,long,0.00133132
1785063600,4e-06,long,0.00133164
1785067200,4e-06,long,0.00133156
1785070800,4e-06,long,0.00133192
1785074400,4e-06,long,0.00133204
1785078000,4e-06,long,0.00133236
1785081600,4e-06,long,0.00133288
1785085200,4e-06,long,0.00133352
1785088800,4e-06,long,0.00133356
1785092400,4e-06,long,0.00133304
1785096000,4e-06,long,0.00133256
1785099600,4e-06,long,0.00133332
1785103200,4e-06,long,0.00133340
1785106800,4e-06,long,0.00133548
1785110400,4e-06,long,0.00133444
1785114000,4e-06,long,0.00134296
1785117600,4e-06,long,0.00134348
1785121200,4e-06,long,0.00134272
1785124800,4e-06,long,0.00134372
1785128400,4e-06,long,0.00133776
1785132000,4e-06,long,0.00133672
1785135600,4e-06,long,0.00133588
1785139200,4e-06,long,0.00133816
1785142800,4e-06,long,0.00133524
1785146400,4e-06,long,0.00133424
1785150000,4e-06,long,0.00133456
1785153600,4e-06,long,0.00133668
1785157200,4e-06,long,0.00133576
1785160800,4e-06,long,0.00134228
1785164400,4e-06,long,0.00135280
1785168000,4e-06,long,0.00134828
1785171600,4e-06,long,0.00134664
1785175200,4e-06,long,0.00134200
1785178800,4e-06,long,0.00134332
1785182400,4e-06,long,0.00134736
1785186000,4e-06,long,0.00134556
1785189600,4e-06,long,0.00134640
1785193200,4e-06,long,0.00134640
1785196800,4e-06,long,0.00134932
1785200400,4e-06,long,0.00134908
1785204000,4e-06,long,0.00134932
1785207600,4e-06,long,0.00135280
1785211200,4e-06,long,0.00135276
1785214800,4e-06,long,0.00135000
1785218400,4e-06,long,0.00134928
1785222000,4e-06,long,0.00134948
1785225600,4e-06,long,0.00135216
1785229200,4e-06,long,0.00135416
1785232800,4e-06,long,0.00135524
1785236400,4e-06,long,0.00135444
1785240000,4e-06,long,0.00135372
1785243600,4e-06,long,0.00135628
1785247200,4e-06,long,0.00135020
1785250800,4e-06,long,0.00134820
1785254400,4e-06,long,0.00135860
1785258000,4e-06,long,0.00135904
1785261600,4e-06,long,0.00135876
1785265200,4e-06,long,0.00135740
1785268800,4e-06,long,0.00136016
1785272400,4e-06,long,0.00135928
1785276000,4e-06,long,0.00135968
1785279600,4e-06,long,0.00136140
1785283200,4e-06,long,0.00136540
1785286800,4e-06,long,0.00136296
1785290400,4e-06,long,0.00136320
1785294000,4e-06,long,0.00136640
1785297600,4e-06,long,0.00137056
1785301200,4e-06,long,0.00136716
1785304800,4e-06,long,0.00136224
1785308400,4e-06,long,0.00136524
1785312000,4e-06,long,0.00136724
1785315600,4e-06,long,0.00136548
1785319200,4e-06,long,0.00135764
1785322800,4e-06,long,0.00136444
1785326400,4e-06,long,0.00136300
1785330000,4e-06,long,0.00135596
1785333600,4e-06,long,0.00137152
1785337200,4e-06,long,0.00136148
1785340800,4e-06,long,0.00136424
1785344400,4e-06,long,0.00136512
1785348000,4e-06,long,0.00137292
1785351600,4e-06,long,0.00137156
1785355200,4e-06,long,0.00135268
1785358800,4e-06,long,0.00135600
1785362400,4e-06,long,0.00135764
1785366000,4e-06,long,0.00135748
1785369600,4e-06,long,0.00136020
1785373200,4e-06,long,0.00135940
1785376800,4e-06,long,0.00135292
1785380400,4e-06,long,0.00135516
1785384000,4e-06,long,0.00135456
1785387600,4e-06,long,0.00135548
1785391200,4e-06,long,0.00135004
1785394800,4e-06,long,0.00135304
1785398400,4e-06,long,0.00135396
1785402000,4e-06,long,0.00135508
1785405600,4e-06,long,0.00135416
1785409200,4e-06,long,0.00134748
1785412800,4e-06,long,0.00134496
1785416400,4e-06,long,0.00134032
1785420000,4e-06,long,0.00132872
1785423600,4e-06,long,0.00132908
1785427200,4e-06,long,0.00132700
1785430800,4e-06,long,0.00132640
1785434400,4e-06,long,0.00133304
1785438000,4e-06,long,0.00133516
1785441600,4e-06,long,0.00133448
1785445200,4e-06,long,0.00127292
1785448800,4e-06,long,0.00124516
1785452400,4e-06,long,0.00125284
1785456000,4e-06,long,0.00124928
1785459600,4e-06,long,0.00125356
1785463200,4e-06,long,0.00125832
1785466800,4e-06,long,0.00125532
1785470400,4e-06,long,0.00125596
1785474000,4e-06,long,0.00125348
1785477600,4e-06,long,0.00124800
1785481200,4e-06,long,0.00124892
1785484800,4e-06,long,0.00124400
1785488400,4e-06,long,0.00123760
1785492000,4e-06,long,0.00123644
1785495600,4e-06,long,0.00123408
1785499200,4e-06,long,0.00123232
1785502800,4e-06,long,0.00123316
1785506400,4e-06,long,0.00121052
1785510000,4e-06,long,0.00121252
1785513600,4e-06,long,0.00120524
1785517200,4e-06,long,0.00120348
1785520800,4e-06,long,0.00120256
1785524400,4e-06,long,0.00121124
1785528000,4e-06,long,0.00123840
1785531600,4e-06,long,0.00122740
1785535200,4e-06,long,0.00122600
1785538800,4e-06,long,0.00122896
1785542400,4e-06,long,0.00122936
1785546000,4e-06,long,0.00122764
1785549600,4e-06,long,0.00122804
1785553200,4e-06,long,0.00122916
1785556800,4e-06,long,0.00122976
1785560400,4e-06,long,0.00122952
1785564000,4e-06,long,0.00122928
1785567600,4e-06,long,0.00122860
1785571200,4e-06,long,0.00122772
1785574800,4e-06,long,0.00122840
1785578400,4e-06,long,0.00122916
1785582000,4e-06,long,0.00123012
1785585600,4e-06,long,0.00122980
1785589200,4e-06,long,0.00123004
1785592800,4e-06,long,0.00122988
1785596400,4e-06,long,0.00123064
1785600000,4e-06,long,0.00123144
1785603600,4e-06,long,0.00123104
1785607200,4e-06,long,0.00122868
1785610800,4e-06,long,0.00122764
1785614400,4e-06,long,0.00122556
1785618000,4e-06,long,0.00122600
1785621600,4e-06,long,0.00122736
1785625200,4e-06,long,0.00122812
1785628800,4e-06,long,0.00122792
1785632400,4e-06,long,0.00122892
1785636000,4e-06,long,0.00123000
1785639600,4e-06,long,0.00123232
1785643200,4e-06,long,0.00123332
1785646800,4e-06,long,0.00123532
1785650400,4e-06,long,0.00123688
1785654000,4e-06,long,0.00123792
1785657600,4e-06,long,0.00124124
1785661200,4e-06,long,0.00124116
1785664800,4e-06,long,0.00124176
1785668400,4e-06,long,0.00124188
1785672000,4e-06,long,0.00123984
1785675600,4e-06,long,0.00123836
1785679200,4e-06,long,0.00123884
1785682800,4e-06,long,0.00123932
1785686400,4e-06,long,0.00123972
1785690000,4e-06,long,0.00124084
1785693600,4e-06,long,0.00124172
1785697200,4e-06,long,0.00124220
1785700800,4e-06,long,0.00124220
1785704400,4e-06,long,0.00124124
1785708000,4e-06,long,0.00124112
1785711600,4e-06,long,0.00124140
1785715200,4e-06,long,0.00124052
1785718800,4e-06,long,0.00123352
1785722400,4e-06,long,0.00123288
1785726000,4e-06,long,0.00123520
1785729600,4e-06,long,0.00123472
1785733200,4e-06,long,0.00123560
1785736800,4e-06,long,0.00123404
1785740400,4e-06,long,0.00123572
1785744000,4e-06,long,0.00123548
1785747600,4e-06,long,0.00123164
1785751200,4e-06,long,0.00123336
1785754800,4e-06,long,0.00123904
1785758400,4e-06,long,0.00124640
1785762000,4e-06,long,0.00124220
1785765600,4e-06,long,0.00122364
1785769200,4e-06,long,0.00122140
1785772800,4e-06,long,0.00121500
1785776400,4e-06,long,0.00122644
1785780000,4e-06,long,0.00122432
1785783600,4e-06,long,0.00122084
1785787200,4e-06,long,0.00121328
1785790800,4e-06,long,0.00121404
1785794400,4e-06,long,0.00121524
1785798000,4e-06,long,0.00121504
1785801600,4e-06,long,0.00121412
1785805200,4e-06,long,0.00121796
1785808800,4e-06,long,0.00121800
1785812400,4e-06,long,0.00121900
1785816000,4e-06,long,0.00121828
1785819600,4e-06,long,0.00121884
1785823200,4e-06,long,0.00121748
1785826800,4e-06,long,0.00121500
1785830400,4e-06,long,0.00121620
1785834000,4e-06,long,0.00121404
1785837600,4e-06,long,0.00121636
1785841200,4e-06,long,0.00121120
1785844800,4e-06,long,0.00121012
1785848400,4e-06,long,0.00121048
1785852000,4e-06,long,0.00122096
1785855600,4e-06,long,0.00122492
1785859200,4e-06,long,0.00122536
1785862800,4e-06,long,0.00123288
1785866400,4e-06,long,0.00123752
1785870000,4e-06,long,0.00123412
1785873600,4e-06,long,0.00123748
1785877200,4e-06,long,0.00124452
1785880800,4e-06,long,0.00124036
1785884400,4e-06,long,0.00124180
1785888000,4e-06,long,0.00124244
1785891600,4e-06,long,0.00124112
1785895200,4e-06,long,0.00124584
1785898800,4e-06,long,0.00124536
1785902400,4e-06,long,0.00124484
1785906000,4e-06,long,0.00124560
1785909600,4e-06,long,0.00124324
1785913200,4e-06,long,0.00124356
1785916800,4e-06,long,0.00124476
1785920400,4e-06,long,0.00124720
1785924000,4e-06,long,0.00124728
1785927600,4e-06,long,0.00124540
1785931200,4e-06,long,0.00123068
1785934800,4e-06,long,0.00123356
1785938400,4e-06,long,0.00123196
1785942000,4e-06,long,0.00124528
1785945600,4e-06,long,0.00123204
1785949200,4e-06,long,0.00123524
1785952800,4e-06,long,0.00123564
1785956400,4e-06,long,0.00123576
1785960000,4e-06,long,0.00124420
1785963600,4e-06,long,0.00124612
1785967200,4e-06,long,0.00124836
1785970800,4e-06,long,0.00125064
1785974400,4e-06,long,0.00124980
1785978000,4e-06,long,0.00124904
1785981600,4e-06,long,0.00125292
1785985200,4e-06,long,0.00125360
1785988800,4e-06,long,0.00125332
1785992400,4e-06,long,0.00125280
1785996000,4e-06,long,0.00125272
1785999600,4e-06,long,0.00125456
1786003200,4e-06,long,0.00125300
1786006800,4e-06,long,0.00125552
1786010400,4e-06,long,0.00125588
1786014000,4e-06,long,0.00125500
1786017600,4e-06,long,0.00125536
1786021200,4e-06,long,0.00125560
1786024800,4e-06,long,0.00125944
1786028400,4e-06,long,0.00125336
1786032000,4e-06,long,0.00123804
1786035600,4e-06,long,0.00124660
1786039200,4e-06,long,0.00124860
1786042800,4e-06,long,0.00124908
1786046400,4e-06,long,0.00124992
1786050000,4e-06,long,0.00124712
1786053600,4e-06,long,0.00124788
1786057200,4e-06,long,0.00124788
1786060800,4e-06,long,0.00125028
1786064400,4e-06,long,0.00124964
1786068000,4e-06,long,0.00124956
1786071600,4e-06,long,0.00124924
1786075200,4e-06,long,0.00124896
1786078800,4e-06,long,0.00124920
1786082400,4e-06,long,0.00124872
1786086000,4e-06,long,0.00124972
1786089600,4e-06,long,0.00124872
1786093200,4e-06,long,0.00124532
1786096800,4e-06,long,0.00124776
1786100400,4e-06,long,0.00124696
1786104000,4e-06,long,0.00124864
1786107600,4e-06,long,0.00124948
1786111200,4e-06,long,0.00124692
1786114800,4e-06,long,0.00125728
1786118400,4e-06,long,0.00124860
1786122000,4e-06,long,0.00124880
1786125600,4e-06,long,0.00125196
1786129200,4e-06,long,0.00124960
1786132800,4e-06,long,0.00125316
1786136400,4e-06,long,0.00125220
1786140000,4e-06,long,0.00125244
1786143600,4e-06,long,0.00125264
1786147200,4e-06,long,0.00125264
1786150800,4e-06,long,0.00125168
1786154400,4e-06,long,0.00125188
1786158000,4e-06,long,0.00125224
1786161600,4e-06,long,0.00125268
1786165200,4e-06,long,0.00125212
1786168800,4e-06,long,0.00125100
1786172400,4e-06,long,0.00124996
1786176000,4e-06,long,0.00124960
1786179600,4e-06,long,0.00124964
1786183200,4e-06,long,0.00124988
1786186800,4e-06,long,0.00125008
1786190400,4e-06,long,0.00125000
1786194000,4e-06,long,0.00124948
1786197600,4e-06,long,0.00124912
1786201200,4e-06,long,0.00124884
1786204800,4e-06,long,0.00124884
1786208400,4e-06,long,0.00124840
1786212000,4e-06,long,0.00124884
1786215600,4e-06,long,0.00124900
1786219200,4e-06,long,0.00124832
1786222800,4e-06,long,0.00124812
1786226400,4e-06,long,0.00124840
1786230000,4e-06,long,0.00124888
1786233600,4e-06,long,0.00124888
1786237200,4e-06,long,0.00124904
1786240800,4e-06,long,0.00124908
1786244400,4e-06,long,0.00125088
1786248000,4e-06,long,0.00125140
1786251600,4e-06,long,0.00125196
1786255200,4e-06,long,0.00125220
1786258800,4e-06,long,0.00125244
1786262400,4e-06,long,0.00125160
1786266000,4e-06,long,0.00125064
1786269600,4e-06,long,0.00124992
1786273200,4e-06,long,0.00124972
1786276800,4e-06,long,0.00124944
1786280400,4e-06,long,0.00125008
1786284000,4e-06,long,0.00125060
1786287600,4e-06,long,0.00125068
1786291200,4e-06,long,0.00125092
1786294800,4e-06,long,0.00125124
1786298400,4e-06,long,0.00125136
1786302000,4e-06,long,0.00125196
1786305600,4e-06,long,0.00125224
1786309200,4e-06,long,0.00125196
1786312800,4e-06,long,0.00125196
1786316400,4e-06,long,0.00125088
1786320000,4e-06,long,0.00125144
1786323600,4e-06,long,0.00125044
1786327200,4e-06,long,0.00125240
1786330800,4e-06,long,0.00125220
1786334400,4e-06,long,0.00125236
1786338000,4e-06,long,0.00125224
1786341600,4e-06,long,0.00125392
1786345200,4e-06,long,0.00125300
1786348800,4e-06,long,0.00125272
1786352400,4e-06,long,0.00125276
1786356000,4e-06,long,0.00125420
1786359600,4e-06,long,0.00123856
1786363200,4e-06,long,0.00123904
1786366800,4e-06,long,0.00123640
1786370400,4e-06,long,0.00122760
1786374000,4e-06,long,0.00122848
1786377600,4e-06,long,0.00122848
1786381200,4e-06,long,0.00122504
1786384800,4e-06,long,0.00122688
1786388400,4e-06,long,0.00122816
1786392000,4e-06,long,0.00123272
1786395600,4e-06,long,0.00122968
1786399200,4e-06,long,0.00123104
1786402800,4e-06,long,0.00123088
1786406400,4e-06,long,0.00123024
1786410000,4e-06,long,0.00123096
1786413600,4e-06,long,0.00123564
1786417200,4e-06,long,0.00123524
1786420800,4e-06,long,0.00123596
1786424400,4e-06,long,0.00123576
1786428000,4e-06,long,0.00123572
1786431600,4e-06,long,0.00123456
1786435200,4e-06,long,0.00123420
1786438800,4e-06,long,0.00123456
1786442400,4e-06,long,0.00123560
1786446000,4e-06,long,0.00123584
1786449600,4e-06,long,0.00123636
1786453200,4e-06,long,0.00123304
1786456800,4e-06,long,0.00122504
1786460400,4e-06,long,0.00122636
1786464000,4e-06,long,0.00122892
1786467600,4e-06,long,0.00122492
1786471200,4e-06,long,0.00122408
1786474800,4e-06,long,0.00121736
1786478400,4e-06,long,0.00121944
1786482000,4e-06,long,0.00121980
1786485600,4e-06,long,0.00121980
1786489200,4e-06,long,0.00122016
1786492800,4e-06,long,0.00122024
1786496400,4e-06,long,0.00121996
1786500000,4e-06,long,0.00122000
1786503600,4e-06,long,0.00121988
1786507200,4e-06,long,0.00122004
1786510800,4e-06,long,0.00121956
1786514400,4e-06,long,0.00122020
1786518000,4e-06,long,0.00122028
1786521600,4e-06,long,0.00121916
1786525200,4e-06,long,0.00121800
1786528800,4e-06,long,0.00121908
1786532400,4e-06,long,0.00121828
1786536000,4e-06,long,0.00121864
1786539600,4e-06,long,0.00121592
1786543200,4e-06,long,0.00121348
1786546800,4e-06,long,0.00120972
1786550400,4e-06,long,0.00120484
1786554000,4e-06,long,0.00120868
1786557600,4e-06,long,0.00120600
1786561200,4e-06,long,0.00120564
1786564800,4e-06,long,0.00120876
1786568400,4e-06,long,0.00120796
1786572000,4e-06,long,0.00120792
1786575600,4e-06,long,0.00120676
1786579200,4e-06,long,0.00120548
1786582800,4e-06,long,0.00120704
1786586400,4e-06,long,0.00120864
1786590000,4e-06,long,0.00120832
1786593600,4e-06,long,0.00120872
1786597200,4e-06,long,0.00120916
1786600800,4e-06,long,0.00121028
1786604400,4e-06,long,0.00120992
1786608000,4e-06,long,0.00121272
1786611600,4e-06,long,0.00121316
1786615200,4e-06,long,0.00121412
1786618800,4e-06,long,0.00121344
1786622400,4e-06,long,0.00121268
1786626000,4e-06,long,0.00121296
1786629600,4e-06,long,0.00121836
1786633200,4e-06,long,0.00122036
1786636800,4e-06,long,0.00121120
1786640400,4e-06,long,0.00121212
1786644000,4e-06,long,0.00121372
1786647600,4e-06,long,0.00121272
1786651200,4e-06,long,0.00122092
1786654800,4e-06,long,0.00121920
1786658400,4e-06,long,0.00121952
1786662000,4e-06,long,0.00121976
1786665600,4e-06,long,0.00121856
1786669200,4e-06,long,0.00121828
1786672800,4e-06,long,0.00121896
1786676400,4e-06,long,0.00121952
1786680000,4e-06,long,0.00121896
1786683600,4e-06,long,0.00122164
1786687200,4e-06,long,0.00122348
1786690800,4e-06,long,0.00122312
1786694400,4e-06,long,0.00122180
1786698000,4e-06,long,0.00122312
1786701600,4e-06,long,0.00122188
1786705200,4e-06,long,0.00122028
1786708800,5e-06,long,0.00152665
1786712400,2.3999999999999997e-05,long,0.00733080
1786716000,4e-06,long,0.00122444
1786719600,4e-06,long,0.00122064
1786723200,4e-06,long,0.00122256
1786726800,4e-06,long,0.00122172
1786730400,4e-06,long,0.00122420
1786734000,4e-06,long,0.00122232
1786737600,8e-06,long,0.00244728
1786741200,4e-06,long,0.00122324
1786744800,4e-06,long,0.00122288
1786748400,4e-06,long,0.00122264
1786752000,1e-05,long,0.00305770
1786755600,4e-06,long,0.00122476
1786759200,4e-06,long,0.00122396
1786762800,4e-06,long,0.00122356
1786766400,4e-06,long,0.00122404
1786770000,4e-06,long,0.00122396
1786773600,4e-06,long,0.00122360
1786777200,4e-06,long,0.00122400
1786780800,4e-06,long,0.00122448
1786784400,4e-06,long,0.00122448
1786788000,4e-06,long,0.00122444
1786791600,4e-06,long,0.00122428
1786795200,4e-06,long,0.00122432
1786798800,4e-06,long,0.00122376
1786802400,4e-06,long,0.00122392
1786806000,4e-06,long,0.00122388
1786809600,4e-06,long,0.00122452
1786813200,4e-06,long,0.00122440
1786816800,4e-06,long,0.00122404
1786820400,4e-06,long,0.00122396
1786824000,4e-06,long,0.00122404
1786827600,4e-06,long,0.00122392
1786831200,4e-06,long,0.00122388
1786834800,4e-06,long,0.00122388
1786838400,4e-06,long,0.00122364
1786842000,4e-06,long,0.00122336
1786845600,4e-06,long,0.00122308
1786849200,4e-06,long,0.00122300
1786852800,4e-06,long,0.00122308
1786856400,4e-06,long,0.00122272
1786860000,4e-06,long,0.00122284
1786863600,4e-06,long,0.00122308
1786867200,4e-06,long,0.00122284
1786870800,4e-06,long,0.00122348
1786874400,4e-06,long,0.00122372
1786878000,4e-06,long,0.00122388
1786881600,4e-06,long,0.00122372
1786885200,4e-06,long,0.00122348
1786888800,4e-06,long,0.00122376
1786892400,4e-06,long,0.00122432
1786896000,4e-06,long,0.00122456
1786899600,4e-06,long,0.00122500
1786903200,4e-06,long,0.00122472
1786906800,4e-06,long,0.00122472
1786910400,4e-06,long,0.00122460
1786914000,4e-06,long,0.00122420
1786917600,4e-06,long,0.00122352
1786921200,4e-06,long,0.00122372
1786924800,4e-06,long,0.00122464
1786928400,4.9e-05,long,0.01496705
1786932000,4.7999999999999994e-05,long,0.01466160
1786935600,1.1999999999999999e-05,long,0.00366300
1786939200,4e-06,long,0.00122200
1786942800,4e-06,long,0.00122100
1786946400,4e-06,long,0.00122872
1786950000,4e-06,long,0.00122844
1786953600,4e-06,long,0.00122852
1786957200,1.7e-05,long,0.00522002
1786960800,2.7000000000000002e-05,long,0.00828630
1786964400,7.3e-05,long,0.02238691
1786968000,5e-06,long,0.00153585
1786971600,4e-06,long,0.00122588
1786975200,4e-06,long,0.00122168
1786978800,4e-06,long,0.00121652
1786982400,4e-06,long,0.00121272
1786986000,4e-06,long,0.00121216
1786989600,4e-06,long,0.00121720
1786993200,1e-05,long,0.00305650
1786996800,4e-06,long,0.00122248
1787000400,4e-06,long,0.00122116
1787004000,4e-06,long,0.00122068
1787007600,7e-06,long,0.00213430
1787011200,3.9e-05,long,0.01189929
1787014800,3e-05,long,0.00915480
1787018400,2e-05,long,0.00610940
1787022000,4e-06,long,0.00122376
1787025600,5.999999999999999e-06,long,0.00183372
1787029200,3.6e-05,long,0.01099836
1787032800,4.4999999999999996e-05,long,0.01374480
1787036400,4e-06,long,0.00122112
1787040000,4e-06,long,0.00122144
1787043600,4e-06,long,0.00122688
1787047200,4e-06,long,0.00123168
1787050800,4e-06,long,0.00123080
1787054400,4e-06,long,0.00122964
1787058000,4e-06,long,0.00122916
1787061600,4e-06,long,0.00122912
1787065200,4e-06,long,0.00124152
1787068800,4e-06,long,0.00123824
1787072400,4e-06,long,0.00124300
1787076000,4e-06,long,0.00124052
1787079600,4e-06,long,0.00124156
1787083200,4e-06,long,0.00124068
1787086800,4e-06,long,0.00123888
1787090400,4e-06,long,0.00123944
1787094000,4e-06,long,0.00123920
1787097600,4e-06,long,0.00124104
1787101200,4e-06,long,0.00124188
1787104800,4e-06,long,0.00124024
1787108400,4e-06,long,0.00124200
1787112000,4e-06,long,0.00124208
1787115600,4e-06,long,0.00124300
1787119200,4e-06,long,0.00124324
1787122800,4e-06,long,0.00124116
1787126400,4e-06,long,0.00123948
1787130000,4e-06,long,0.00123492
1787133600,4e-06,long,0.00123880
1787137200,4e-06,long,0.00123880
1787140800,4e-06,long,0.00124176
1787144400,4e-06,long,0.00123944
1787148000,4e-06,long,0.00126536
1787151600,4e-06,long,0.00127144
1787155200,4e-06,long,0.00126508
1787158800,4e-06,long,0.00126040
1787162400,4e-06,long,0.00126080
1787166000,4e-06,long,0.00125952
1787169600,4e-06,long,0.00126684
1787173200,4e-06,long,0.00126576
1787176800,4e-06,long,0.00126576
1787180400,4e-06,long,0.00126704
1787184000,4e-06,long,0.00126848
1787187600,4e-06,long,0.00126676
1787191200,4e-06,long,0.00126648
1787194800,4e-06,long,0.00126584
1787198400,4e-06,long,0.00126388
1787202000,4e-06,long,0.00126276
1787205600,4e-06,long,0.00126340
1787209200,4e-06,long,0.00126408
1787212800,4e-06,long,0.00126328
1787216400,4e-06,long,0.00126388
1787220000,4e-06,long,0.00126336
1787223600,4e-06,long,0.00126468
1787227200,4e-06,long,0.00126712
1787230800,4e-06,long,0.00126700
1787234400,4e-06,long,0.00126900
1787238000,4e-06,long,0.00126964
1787241600,4e-06,long,0.00126768
1787245200,4e-06,long,0.00126880
1787248800,4e-06,long,0.00126528
1787252400,4e-06,long,0.00126040
1787256000,4e-06,long,0.00124500
1787259600,4e-06,long,0.00124784
1787263200,4e-06,long,0.00124876
1787266800,4e-06,long,0.00125028
1787270400,4e-06,long,0.00124848
1787274000,4e-06,long,0.00124856
1787277600,4e-06,long,0.00124652
1787281200,4e-06,long,0.00124724
1787284800,4e-06,long,0.00124808
1787288400,4e-06,long,0.00124796
1787292000,4e-06,long,0.00124776
1787295600,4e-06,long,0.00124808
1787299200,4e-06,long,0.00124480
1787302800,4e-06,long,0.00124388
1787306400,4e-06,long,0.00124604
1787310000,4e-06,long,0.00124740
1787313600,4e-06,long,0.00124764
1787317200,4e-06,long,0.00124912
1787320800,4e-06,long,0.00122956
1787324400,4e-06,long,0.00123780
1787328000,4e-06,long,0.00124612
1787331600,4e-06,long,0.00124392
1787335200,4e-06,long,0.00123820
1787338800,4e-06,long,0.00123516
1787342400,4e-06,long,0.00123712
1787346000,4e-06,long,0.00123772
1787349600,2.2000000000000003e-05,long,0.00681054
1787353200,1.7e-05,long,0.00526354
1787356800,4e-06,long,0.00123848
1787360400,4e-06,long,0.00123996
1787364000,4e-06,long,0.00123988
1787367600,4e-06,long,0.00124004
1787371200,4e-06,long,0.00123968
1787374800,4e-06,long,0.00123852
1787378400,-6.5e-05,short,0.02007460
1787382000,4e-06,long,0.00123564
1787385600,4e-06,long,0.00123720
1787389200,4e-06,long,0.00123668
1787392800,4e-06,long,0.00123668
1787396400,4e-06,long,0.00123488
1787400000,4e-06,long,0.00123532
1787403600,2.8999999999999997e-05,long,0.00897318
1787407200,4e-06,long,0.00123820
1787410800,4e-06,long,0.00123836
1787414400,4e-06,long,0.00123840
1787418000,4e-06,long,0.00123804
1787421600,4e-06,long,0.00123848
1787425200,4e-06,long,0.00123968
1787428800,4e-06,long,0.00123912
1787432400,4e-06,long,0.00123788
1787436000,4e-06,long,0.00123704
1787439600,4e-06,long,0.00123760
1787443200,4e-06,long,0.00123784
1787446800,4e-06,long,0.00123884
1787450400,4e-06,long,0.00123908
1787454000,4e-06,long,0.00123968
1787457600,-5.2e-05,short,0.01608308
1787461200,4e-06,long,0.00123632
1787464800,4e-06,long,0.00123660
1787468400,4e-06,long,0.00123648
1787472000,4e-06,long,0.00123752
1787475600,4e-06,long,0.00123824
1787479200,4e-06,long,0.00123956
1787482800,4e-06,long,0.00124140
1787486400,4e-06,long,0.00124144
1787490000,4e-06,long,0.00124172
1787493600,4e-06,long,0.00124212
1787497200,4e-06,long,0.00124144
1787500800,4e-06,long,0.00124172
1787504400,4e-06,long,0.00124148
1787508000,4e-06,long,0.00124044
1787511600,4e-06,long,0.00124172
1787515200,4e-06,long,0.00124108
1787518800,4e-06,long,0.00124020
1787522400,4e-06,long,0.00124176
1787526000,-8e-06,short,0.00247960
1787529600,4e-06,long,0.00124084
1787533200,1.5e-05,long,0.00464835
1787536800,4e-06,long,0.00123764
1787540400,4e-06,long,0.00123972
1787544000,4e-06,long,0.00124004
1787547600,1.3e-05,long,0.00402688
1787551200,1.6e-05,long,0.00495792
1787554800,8e-06,long,0.00247600
1787558400,2e-05,long,0.00618680
1787562000,4e-06,long,0.00124068
1787565600,2.7000000000000002e-05,long,0.00838404
1787569200,4e-06,long,0.00124052
1787572800,4e-06,long,0.00124168
1787576400,4e-06,long,0.00124432
1787580000,4e-06,long,0.00124724
1787583600,4e-06,long,0.00125192
1787587200,4e-06,long,0.00124664
1787590800,1.6e-05,long,0.00500704
1787594400,1.8e-05,long,0.00561636
1787598000,1.5e-05,long,0.00467370
1787601600,2.3999999999999997e-05,long,0.00744912
1787605200,4e-06,long,0.00124292
1787608800,1.3e-05,long,0.00404118
1787612400,1e-05,long,0.00310820
1787616000,4.7999999999999994e-05,long,0.01491456
1787619600,4e-05,long,0.01243200
1787623200,4e-06,long,0.00124420
1787626800,5e-06,long,0.00155435
1787630400,4e-06,long,0.00123736
1787634000,4e-06,long,0.00123680
1787637600,4e-06,long,0.00123652
1787641200,4e-06,long,0.00123780
1787644800,4e-06,long,0.00123640
1787648400,4e-06,long,0.00123960
1787652000,4e-06,long,0.00123960
1787655600,4e-06,long,0.00123876
1787659200,4e-06,long,0.00124076
1787662800,4e-06,long,0.00124036
1787666400,4e-06,long,0.00124176
1787670000,4e-06,long,0.00123632
1787673600,4e-06,long,0.00123844
1787677200,4e-06,long,0.00124008
1787680800,4e-06,long,0.00123784
1787684400,1e-05,long,0.00308570
1787688000,4e-06,long,0.00123972
1787691600,4e-06,long,0.00123800
1787695200,4e-06,long,0.00123856
1787698800,4e-06,long,0.00123872
1787702400,4e-06,long,0.00123716
1787706000,4e-06,long,0.00123464
1787709600,4e-06,long,0.00123564
1787713200,3e-05,long,0.00927360
1787716800,5.999999999999999e-06,long,0.00185538
1787720400,1.1000000000000001e-05,long,0.00339900
1787724000,4e-06,long,0.00123712
1787727600,4e-06,long,0.00123816
1787731200,4e-06,long,0.00123676
1787734800,4e-06,long,0.00123856
1787738400,4e-06,long,0.00123816
1787742000,4e-06,long,0.00123764
1787745600,4e-06,long,0.00123924
1787749200,4e-06,long,0.00124156
1787752800,4e-06,long,0.00124972
1787756400,4e-06,long,0.00125124
1787760000,4e-06,long,0.00125156
1787763600,4e-06,long,0.00125208
1787767200,4e-06,long,0.00125172
1787770800,4e-06,long,0.00125828
1787774400,4e-06,long,0.00125380
1787778000,4e-06,long,0.00125304
1787781600,4e-06,long,0.00124384
1787785200,4e-06,long,0.00124816
1787788800,4e-06,long,0.00124724
1787792400,4e-06,long,0.00124388
1787796000,4e-06,long,0.00124224
1787799600,4e-06,long,0.00124408
1787803200,4e-06,long,0.00124380
1787806800,4e-06,long,0.00124404
1787810400,4e-06,long,0.00124208
1787814000,4e-06,long,0.00124248
1787817600,4e-06,long,0.00124344
1787821200,4e-06,long,0.00124068
1787824800,4e-06,long,0.00124024
1787828400,4e-06,long,0.00124100
1787832000,4e-06,long,0.00124228
1787835600,4e-06,long,0.00124140
1787839200,4e-06,long,0.00124640
1787842800,4e-06,long,0.00125340
1787846400,4e-06,long,0.00125924
1787850000,4e-06,long,0.00126000
1787853600,4e-06,long,0.00125924
1787857200,4e-06,long,0.00125548
1787860800,4e-06,long,0.00125824
1787864400,4e-06,long,0.00125660
1787868000,4e-06,long,0.00125732
1787871600,4e-06,long,0.00125808
1787875200,4e-06,long,0.00125948
1787878800,4e-06,long,0.00125900
1787882400,4e-06,long,0.00126048
1787886000,4e-06,long,0.00125992
1787889600,4e-06,long,0.00126072
1787893200,4e-06,long,0.00126024
1787896800,4e-06,long,0.00126148
1787900400,4e-06,long,0.00126316
1787904000,4e-06,long,0.00126076
1787907600,4e-06,long,0.00126280
1787911200,4e-06,long,0.00126132
1787914800,4e-06,long,0.00126088
1787918400,4e-06,long,0.00126536
1787922000,4e-06,long,0.00126428
1787925600,4e-06,long,0.00126688
1787929200,4e-06,long,0.00128284
1787932800,4e-06,long,0.00128580
1787936400,4e-06,long,0.00128336
1787940000,4e-06,long,0.00127872
1787943600,4e-06,long,0.00127908
1787947200,4e-06,long,0.00127860
1787950800,4e-06,long,0.00128008
1787954400,4e-06,long,0.00127976
1787958000,4e-06,long,0.00128000
1787961600,4e-06,long,0.00128016
1787965200,4e-06,long,0.00128100
1787968800,4e-06,long,0.00128032
1787972400,1.3e-05,long,0.00417170
1787976000,4e-06,long,0.00128472
1787979600,4e-06,long,0.00128472
1787983200,4e-06,long,0.00128460
1787986800,4e-06,long,0.00128396
1787990400,4e-06,long,0.00128548
1787994000,4e-06,long,0.00128532
1787997600,4e-06,long,0.00128524
1788001200,4e-06,long,0.00128488
1788004800,4e-06,long,0.00128468
1788008400,4e-06,long,0.00128420
1788012000,4e-06,long,0.00128224
1788015600,4e-06,long,0.00128252
1788019200,4e-06,long,0.00128216
1788022800,4e-06,long,0.00128244
1788026400,4e-06,long,0.00128324
1788030000,4e-06,long,0.00128248
1788033600,4e-06,long,0.00128220
1788037200,4e-06,long,0.00128260
1788040800,4e-06,long,0.00128240
1788044400,4e-06,long,0.00128232
1788048000,4e-06,long,0.00128160
1788051600,4e-06,long,0.00128112
1788055200,4e-06,long,0.00128248
1788058800,4e-06,long,0.00128296
1788062400,4e-06,long,0.00128160
1788066000,4e-06,long,0.00128148
1788069600,4e-06,long,0.00128224
1788073200,4e-06,long,0.00128216
1788076800,4e-06,long,0.00128268
1788080400,4e-06,long,0.00128340
1788084000,4e-06,long,0.00128384
1788087600,4e-06,long,0.00128392
1788091200,4e-06,long,0.00128476
1788094800,4e-06,long,0.00128600
1788098400,4e-06,long,0.00128436
1788102000,4e-06,long,0.00128444
1788105600,4e-06,long,0.00128508
1788109200,4e-06,long,0.00128572
1788112800,4e-06,long,0.00128528
1788116400,4e-06,long,0.00128536
1788120000,4e-06,long,0.00128560
1788123600,4e-06,long,0.00128520
1788127200,4e-06,long,0.00128472
1788130800,-5.999999999999999e-06,short,0.00192174
1788134400,-2e-05,short,0.00638480
1788138000,4e-06,long,0.00127652
1788141600,4e-06,long,0.00127652
1788145200,4e-06,long,0.00127608
1788148800,4e-06,long,0.00127744
1788152400,4e-06,long,0.00127840
1788156000,4e-06,long,0.00127820
1788159600,4e-06,long,0.00127624
1788163200,4e-06,long,0.00127600
1788166800,4e-06,long,0.00127724
1788170400,4e-06,long,0.00127832
1788174000,4e-06,long,0.00127756
1788177600,4e-06,long,0.00127544
1788181200,4e-06,long,0.00127608
1788184800,4e-06,long,0.00126900
1788188400,4e-06,long,0.00126148
1788192000,4e-06,long,0.00125864
1788195600,4e-06,long,0.00125516
1788199200,4e-06,long,0.00126032
1788202800,4e-06,long,0.00126152
1788206400,4e-06,long,0.00126772
1788210000,4e-06,long,0.00126748
1788213600,4e-06,long,0.00126824
1788217200,4e-06,long,0.00126756
1788220800,4e-06,long,0.00126796
1788224400,4e-06,long,0.00126768
1788228000,4e-06,long,0.00126724
1788231600,4e-06,long,0.00126724
1788235200,4e-06,long,0.00126688
1788238800,4e-06,long,0.00126600
1788242400,4e-06,long,0.00126776
1788246000,4e-06,long,0.00126644
1788249600,4e-06,long,0.00126432
1788253200,4e-06,long,0.00126276
1788256800,4e-06,long,0.00126332
1788260400,4e-06,long,0.00126372
1788264000,4e-06,long,0.00126660
1788267600,4e-06,long,0.00126636
1788271200,4e-06,long,0.00129056
1788274800,4e-06,long,0.00129756
1788278400,4e-06,long,0.00130540
1788282000,4e-06,long,0.00130352
1788285600,4e-06,long,0.00130072
1788289200,4e-06,long,0.00130224
1788292800,4e-06,long,0.00130060
1788296400,4e-06,long,0.00129940
1788300000,4e-06,long,0.00129872
1788303600,4e-06,long,0.00129956
1788307200,4e-06,long,0.00130052
1788310800,4e-06,long,0.00129976
1788314400,4e-06,long,0.00129872
1788318000,4e-06,long,0.00129924
1788321600,4e-06,long,0.00129872
1788325200,4e-06,long,0.00129888
1788328800,4e-06,long,0.00129844
1788332400,4e-06,long,0.00129880
1788336000,4e-06,long,0.00130000
1788339600,4e-06,long,0.00129872
1788343200,4e-06,long,0.00129896
1788346800,4e-06,long,0.00130072
1788350400,4e-06,long,0.00130616
1788354000,4e-06,long,0.00130748
1788357600,4e-06,long,0.00130048
1788361200,4e-06,long,0.00129856
1788364800,4e-06,long,0.00130004
1788368400,4e-06,long,0.00130448
1788372000,4e-06,long,0.00130380
1788375600,4e-06,long,0.00129988
1788379200,4e-06,long,0.00129952
1788382800,4e-06,long,0.00129976
1788386400,4e-06,long,0.00129892
1788390000,4e-06,long,0.00129860
1788393600,4e-06,long,0.00129908
1788397200,4e-06,long,0.00129840
1788400800,4e-06,long,0.00129704
1788404400,4e-06,long,0.00129816
1788408000,4e-06,long,0.00129932
1788411600,4e-06,long,0.00129908
1788415200,4e-06,long,0.00129800
1788418800,4e-06,long,0.00129804
1788422400,4e-06,long,0.00130176
1788426000,4e-06,long,0.00130032
1788429600,4e-06,long,0.00129876
1788433200,4e-06,long,0.00129688
1788436800,4e-06,long,0.00129468
1788440400,4e-06,long,0.00129888
1788444000,4e-06,long,0.00130560
1788447600,4e-06,long,0.00131204
1788451200,4e-06,long,0.00131908
1788454800,4e-06,long,0.00131580
1788458400,4e-06,long,0.00130752
1788462000,4e-06,long,0.00130876
1788465600,4e-06,long,0.00131228
1788469200,4e-06,long,0.00131188
1788472800,4e-06,long,0.00131200
1788476400,4e-06,long,0.00131156
1788480000,4e-06,long,0.00131072
1788483600,4e-06,long,0.00131272
1788487200,4e-06,long,0.00131252
1788490800,4e-06,long,0.00131324
1788494400,4e-06,long,0.00131328
1788498000,4e-06,long,0.00131272
1788501600,4e-06,long,0.00131268
1788505200,4e-06,long,0.00130832
1788508800,4e-06,long,0.00130804
1788512400,4e-06,long,0.00130908
1788516000,4e-06,long,0.00130432
1788519600,4e-06,long,0.00130612
1788523200,4e-06,long,0.00131000
1788526800,4e-06,long,0.00131052
1788530400,4e-06,long,0.00129440
1788534000,4e-06,long,0.00127340
1788537600,4e-06,long,0.00128404
1788541200,4e-06,long,0.00128412
1788544800,4e-06,long,0.00128400
1788548400,4e-06,long,0.00128664
1788552000,4e-06,long,0.00127948
1788555600,4e-06,long,0.00127880
1788559200,4e-06,long,0.00127980
1788562800,4e-06,long,0.00128068
1788566400,4e-06,long,0.00128016
1788570000,4e-06,long,0.00128200
1788573600,4e-06,long,0.00128288
1788577200,4e-06,long,0.00128248
1788580800,4e-06,long,0.00128196
1788584400,4e-06,long,0.00128264
1788588000,4e-06,long,0.00128260
1788591600,4e-06,long,0.00128280
1788595200,4e-06,long,0.00128372
1788598800,4e-06,long,0.00128376
1788602400,4e-06,long,0.00128404
1788606000,4e-06,long,0.00128436
1788609600,4e-06,long,0.00128468
1788613200,4e-06,long,0.00128484
1788616800,4e-06,long,0.00128464
1788620400,4e-06,long,0.00128504
1788624000,4e-06,long,0.00128536
1788627600,4e-06,long,0.00128560
1788631200,4e-06,long,0.00128628
1788634800,4e-06,long,0.00128668
1788638400,4e-06,long,0.00128668
1788642000,4e-06,long,0.00128656
1788645600,4e-06,long,0.00128704
1788649200,4e-06,long,0.00128720
1788652800,4e-06,long,0.00128692
1788656400,4e-06,long,0.00128664
1788660000,4e-06,long,0.00128664
1788663600,4e-06,long,0.00128672
1788667200,4e-06,long,0.00128696
1788670800,4e-06,long,0.00128708
1788674400,4e-06,long,0.00128736
1788678000,4e-06,long,0.00128712
1788681600,4e-06,long,0.00128684
1788685200,4e-06,long,0.00128660
1788688800,4e-06,long,0.00128680
1788692400,4e-06,long,0.00128700
1788696000,4e-06,long,0.00128704
1788699600,4e-06,long,0.00128712
1788703200,4e-06,long,0.00128684
1788706800,4e-06,long,0.00128616
1788710400,4e-06,long,0.00128644
1788714000,4e-06,long,0.00128692
1788717600,4e-06,long,0.00128684
1788721200,4e-06,long,0.00128696
1788724800,4e-06,long,0.00128672
1788728400,4e-06,long,0.00128692
1788732000,4e-06,long,0.00128688
1788735600,4e-06,long,0.00128528
1788739200,4e-06,long,0.00128344
1788742800,4e-06,long,0.00128196
1788746400,4e-06,long,0.00128180
1788750000,4e-06,long,0.00128212
1788753600,4e-06,long,0.00128248
1788757200,4e-06,long,0.00128172
1788760800,4e-06,long,0.00127972
1788764400,4e-06,long,0.00128240
1788768000,4e-06,long,0.00128380
1788771600,4e-06,long,0.00128472
1788775200,4e-06,long,0.00128380
1788778800,4e-06,long,0.00128428
1788782400,4e-06,long,0.00128164
1788786000,4e-06,long,0.00128028
1788789600,4e-06,long,0.00128036
1788793200,4e-06,long,0.00128056
1788796800,4e-06,long,0.00127944
1788800400,4e-06,long,0.00128060
1788804000,4e-06,long,0.00128128
1788807600,4e-06,long,0.00128228
1788811200,4e-06,long,0.00128312
1788814800,4e-06,long,0.00128216
1788818400,4e-06,long,0.00128192
1788822000,4e-06,long,0.00127952
1788825600,4e-06,long,0.00127884
1788829200,4e-06,long,0.00127356
1788832800,4e-06,long,0.00127468
1788836400,4e-06,long,0.00127376
1788840000,4e-06,long,0.00127700
1788843600,4e-06,long,0.00127636
1788847200,4e-06,long,0.00127380
1788850800,4e-06,long,0.00127556
1788854400,4e-06,long,0.00127396
1788858000,4e-06,long,0.00127432
1788861600,4e-06,long,0.00127504
1788865200,4e-06,long,0.00127432
1788868800,4e-06,long,0.00127348
1788872400,4e-06,long,0.00127092
1788876000,4e-06,long,0.00126740
1788879600,4e-06,long,0.00126388
1788883200,4e-06,long,0.00126424
1788886800,4e-06,long,0.00126388
1788890400,4e-06,long,0.00126412
1788894000,4e-06,long,0.00126204
1788897600,4e-06,long,0.00126544
1788901200,4e-06,long,0.00126540
1788904800,4e-06,long,0.00126540
1788908400,4e-06,long,0.00126552
1788912000,4e-06,long,0.00126500
1788915600,4e-06,long,0.00126792
1788919200,4e-06,long,0.00126948
1788922800,4e-06,long,0.00126872
1788926400,4e-06,long,0.00126948
1788930000,4e-06,long,0.00127040
1788933600,4e-06,long,0.00127084
1788937200,4e-06,long,0.00126880
1788940800,4e-06,long,0.00126772
1788944400,4e-06,long,0.00126420
1788948000,4e-06,long,0.00126268
1788951600,4e-06,long,0.00126124
1788955200,4e-06,long,0.00126072
1788958800,4e-06,long,0.00126048
1788962400,4e-06,long,0.00127164
1788966000,4e-06,long,0.00125344
1788969600,4e-06,long,0.00125280
1788973200,4e-06,long,0.00125604
1788976800,4e-06,long,0.00125280
1788980400,4e-06,long,0.00126684
1788984000,4e-06,long,0.00126164
1788987600,4e-06,long,0.00126368
1788991200,4e-06,long,0.00126936
1788994800,4e-06,long,0.00127048
1788998400,4e-06,long,0.00127220
1789002000,4e-06,long,0.00126904
1789005600,4e-06,long,0.00126800
1789009200,4e-06,long,0.00126792
1789012800,4e-06,long,0.00126944
1789016400,4e-06,long,0.00126880
1789020000,4e-06,long,0.00126976
1789023600,4e-06,long,0.00126792
1789027200,4e-06,long,0.00126820
1789030800,4e-06,long,0.00127812
1789034400,4e-06,long,0.00127544
1789038000,4e-06,long,0.00127616
1789041600,4e-06,long,0.00127056
1789045200,4e-06,long,0.00126660
1789048800,4e-06,long,0.00127552
1789052400,4e-06,long,0.00129204
1789056000,4e-06,long,0.00127824
1789059600,4e-06,long,0.00129328
1789063200,4e-06,long,0.00130016
1789066800,4e-06,long,0.00130152
1789070400,4e-06,long,0.00130640
1789074000,4e-06,long,0.00130376
1789077600,4e-06,long,0.00130500
1789081200,4e-06,long,0.00130404
1789084800,4e-06,long,0.00130308
1789088400,4e-06,long,0.00130344
1789092000,4e-06,long,0.00130200
1789095600,4e-06,long,0.00130200
1789099200,4e-06,long,0.00130252
1789102800,4e-06,long,0.00130288
1789106400,4e-06,long,0.00130452
1789110000,4e-06,long,0.00130472
1789113600,4e-06,long,0.00130672
1789117200,4e-06,long,0.00130348
1789120800,4e-06,long,0.00130348
1789124400,4e-06,long,0.00130484
1789128000,4e-06,long,0.00130672
1789131600,4e-06,long,0.00130456
1789135200,4e-06,long,0.00132964
1789138800,4e-06,long,0.00134004
1789142400,4e-06,long,0.00133588
1789146000,4e-06,long,0.00133888
1789149600,4e-06,long,0.00133352
1789153200,4e-06,long,0.00133004
1789156800,4e-06,long,0.00132884
1789160400,4e-06,long,0.00133056
1789164000,4e-06,long,0.00132996
1789167600,4e-06,long,0.00133028
1789171200,4e-06,long,0.00133028
1789174800,4e-06,long,0.00133016
1789178400,4e-06,long,0.00133104
1789182000,4e-06,long,0.00133132
1789185600,4e-06,long,0.00133176
1789189200,4e-06,long,0.00133204
1789192800,4e-06,long,0.00133240
1789196400,4e-06,long,0.00133220
1789200000,4e-06,long,0.00133260
1789203600,4e-06,long,0.00133300
1789207200,4e-06,long,0.00133296
1789210800,4e-06,long,0.00133272
1789214400,4e-06,long,0.00133244
1789218000,4e-06,long,0.00133264
1789221600,4e-06,long,0.00133308
1789225200,4e-06,long,0.00133328
1789228800,4e-06,long,0.00133372
1789232400,4e-06,long,0.00133408
1789236000,4e-06,long,0.00133412
1789239600,4e-06,long,0.00133400
1789243200,4e-06,long,0.00133368
1789246800,4e-06,long,0.00133308
1789250400,4e-06,long,0.00133344
1789254000,4e-06,long,0.00133320
1789257600,4e-06,long,0.00133304
1789261200,4e-06,long,0.00133320
1789264800,4e-06,long,0.00133360
1789268400,4e-06,long,0.00133368
1789272000,4e-06,long,0.00133372
1789275600,4e-06,long,0.00133340
1789279200,4e-06,long,0.00133320
1789282800,4e-06,long,0.00133244
1789286400,4e-06,long,0.00133172
1789290000,4e-06,long,0.00133064
1789293600,4e-06,long,0.00132844
1789297200,-5.999999999999999e-06,short,0.00198744
1789300800,4e-06,long,0.00132380
1789304400,4e-06,long,0.00132420
1789308000,4e-06,long,0.00132440
1789311600,4e-06,long,0.00132552
1789315200,4e-06,long,0.00132452
1789318800,4e-06,long,0.00132460
1789322400,4e-06,long,0.00132456
1789326000,4e-06,long,0.00132400
1789329600,4e-06,long,0.00132364
1789333200,4e-06,long,0.00132336
1789336800,4e-06,long,0.00132356
1789340400,4e-06,long,0.00132396
1789344000,4e-06,long,0.00132360
1789347600,4e-06,long,0.00131960
1789351200,4e-06,long,0.00132292
1789354800,4e-06,long,0.00131524
1789358400,4e-06,long,0.00131504
1789362000,4e-06,long,0.00131852
1789365600,4e-06,long,0.00131804
1789369200,4e-06,long,0.00131876
1789372800,4e-06,long,0.00131996
1789376400,4e-06,long,0.00132456
1789380000,4e-06,long,0.00132504
1789383600,4e-06,long,0.00133008
1789387200,4e-06,long,0.00133312
1789390800,4e-06,long,0.00133460
1789394400,4e-06,long,0.00133580
1789398000,4e-06,long,0.00133140
1789401600,4e-06,long,0.00134004
1789405200,4e-06,long,0.00133940
1789408800,4e-06,long,0.00133552
1789412400,4e-06,long,0.00133652
1789416000,4e-06,long,0.00133244
1789419600,4e-06,long,0.00133168
1789423200,4e-06,long,0.00133144
1789426800,4e-06,long,0.00132988
1789430400,4e-06,long,0.00132888
1789434000,4e-06,long,0.00132804
1789437600,4e-06,long,0.00132740
1789441200,4e-06,long,0.00132676
1789444800,4e-06,long,0.00132596
1789448400,4e-06,long,0.00132324
1789452000,4e-06,long,0.00132352
1789455600,4e-06,long,0.00132208
1789459200,4e-06,long,0.00132100
1789462800,4e-06,long,0.00132316
1789466400,4e-06,long,0.00132300
1789470000,4e-06,long,0.00132424
1789473600,4e-06,long,0.00132544
1789477200,4e-06,long,0.00132576
1789480800,4e-06,long,0.00132320
1789484400,4e-06,long,0.00131900
1789488000,4e-06,long,0.00131848
1789491600,4e-06,long,0.00131800
1789495200,4e-06,long,0.00132168
1789498800,4e-06,long,0.00132212
1789502400,4e-06,long,0.00132508
1789506000,4e-06,long,0.00132692
1789509600,4e-06,long,0.00132648
1789513200,4e-06,long,0.00132716
1789516800,4e-06,long,0.00132816
1789520400,4e-06,long,0.00132728
1789524000,4e-06,long,0.00132616
1789527600,4e-06,long,0.00132632
1789531200,4e-06,long,0.00132712
1789534800,4e-06,long,0.00132664
1789538400,4e-06,long,0.00132664
1789542000,4e-06,long,0.00132596
1789545600,4e-06,long,0.00132476
1789549200,4e-06,long,0.00132560
1789552800,4e-06,long,0.00132400
1789556400,4e-06,long,0.00132560
1789560000,4e-06,long,0.00132616
1789563600,4e-06,long,0.00132572
1789567200,4e-06,long,0.00133568
1789570800,4e-06,long,0.00133616
1789574400,4e-06,long,0.00133100
1789578000,4e-06,long,0.00133052
1789581600,4e-06,long,0.00133328
1789585200,4e-06,long,0.00132848
1789588800,4e-06,long,0.00133000
1789592400,4e-06,long,0.00133000
1789596000,4e-06,long,0.00133028
1789599600,4e-06,long,0.00132996
1789603200,4e-06,long,0.00133388
1789606800,4e-06,long,0.00133452
1789610400,4e-06,long,0.00133324
1789614000,4e-06,long,0.00133352
1789617600,4e-06,long,0.00133376
1789621200,4e-06,long,0.00133428
1789624800,4e-06,long,0.00133300
1789628400,4e-06,long,0.00133364
1789632000,4e-06,long,0.00133636
1789635600,4e-06,long,0.00133644
1789639200,4e-06,long,0.00133656
1789642800,4e-06,long,0.00133664
1789646400,4e-06,long,0.00133632
1789650000,4e-06,long,0.00133668
1789653600,4e-06,long,0.00132328
1789657200,4e-06,long,0.00133072
1789660800,4e-06,long,0.00133936
1789664400,4e-06,long,0.00134444
1789668000,4e-06,long,0.00134380
1789671600,4e-06,long,0.00134492
1789675200,4e-06,long,0.00134800
1789678800,4e-06,long,0.00134704
1789682400,4e-06,long,0.00134828
1789686000,4e-06,long,0.00134500
1789689600,4e-06,long,0.00134468
1789693200,4e-06,long,0.00134472
1789696800,4e-06,long,0.00134476
1789700400,4e-06,long,0.00134496
1789704000,4e-06,long,0.00134424
1789707600,4e-06,long,0.00134492
1789711200,4e-06,long,0.00134612
1789714800,4e-06,long,0.00134920
1789718400,4e-06,long,0.00134872
1789722000,4e-06,long,0.00134540
1789725600,4e-06,long,0.00134380
1789729200,4e-06,long,0.00134800
1789732800,4e-06,long,0.00134872
1789736400,4e-06,long,0.00134840
1789740000,4e-06,long,0.00134012
1789743600,4e-06,long,0.00133576
1789747200,4e-06,long,0.00133920
1789750800,4e-06,long,0.00133828
1789754400,4e-06,long,0.00134244
1789758000,4e-06,long,0.00134300
1789761600,4e-06,long,0.00134280
1789765200,4e-06,long,0.00134136
1789768800,4e-06,long,0.00133904
1789772400,4e-06,long,0.00133956
1789776000,4e-06,long,0.00133924
1789779600,4e-06,long,0.00134064
1789783200,4e-06,long,0.00134036
1789786800,4e-06,long,0.00134116
1789790400,4e-06,long,0.00134148
1789794000,4e-06,long,0.00134108
1789797600,4e-06,long,0.00134112
1789801200,4e-06,long,0.00134076
1789804800,4e-06,long,0.00134028
1789808400,4e-06,long,0.00134044
1789812000,4e-06,long,0.00134104
1789815600,4e-06,long,0.00134136
1789819200,4e-06,long,0.00134108
1789822800,4e-06,long,0.00134088
1789826400,4e-06,long,0.00134056
1789830000,4e-06,long,0.00134096
1789833600,4e-06,long,0.00134136
1789837200,4e-06,long,0.00134164
1789840800,4e-06,long,0.00134176
1789844400,4e-06,long,0.00134124
1789848000,4e-06,long,0.00134172
1789851600,4e-06,long,0.00134136
1789855200,4e-06,long,0.00134064
1789858800,4e-06,long,0.00134080
1789862400,4e-06,long,0.00134068
1789866000,4e-06,long,0.00134024
1789869600,4e-06,long,0.00134012
1789873200,4e-06,long,0.00133980
1789876800,4e-06,long,0.00133768
1789880400,4e-06,long,0.00133712
1789884000,4e-06,long,0.00133676
1789887600,4e-06,long,0.00133668
1789891200,4e-06,long,0.00133592
1789894800,4e-06,long,0.00133584
1789898400,4e-06,long,0.00133560
1789902000,4e-06,long,0.00133516
1789905600,4e-06,long,0.00133472
1789909200,4e-06,long,0.00133464
1789912800,4e-06,long,0.00133528
1789916400,4e-06,long,0.00133552
1789920000,4e-06,long,0.00133560
1789923600,4e-06,long,0.00133636
1789927200,4e-06,long,0.00133644
1789930800,4e-06,long,0.00133640
1789934400,4e-06,long,0.00133736
1789938000,4e-06,long,0.00133724
1789941600,4e-06,long,0.00133676
1789945200,4e-06,long,0.00133960
1789948800,4e-06,long,0.00134156
1789952400,4e-06,long,0.00134000
1789956000,4e-06,long,0.00133956
1789959600,4e-06,long,0.00133764
1789963200,4e-06,long,0.00133800
1789966800,4e-06,long,0.00133656
1789970400,4e-06,long,0.00133976
1789974000,4e-06,long,0.00134008
1789977600,4e-06,long,0.00134296
1789981200,4e-06,long,0.00134064
1789984800,4e-06,long,0.00134164
1789988400,4e-06,long,0.00134216
1789992000,4e-06,long,0.00134436
1789995600,4e-06,long,0.00134428
1789999200,4e-06,long,0.00134340
1790002800,4e-06,long,0.00134796
1790006400,4e-06,long,0.00135092
1790010000,4e-06,long,0.00135480
1790013600,4e-06,long,0.00135272
1790017200,4e-06,long,0.00135464
1790020800,4e-06,long,0.00135656
1790024400,4e-06,long,0.00135464
1790028000,4e-06,long,0.00135496
1790031600,4e-06,long,0.00135520
1790035200,4e-06,long,0.00135512
1790038800,4e-06,long,0.00135404
1790042400,4e-06,long,0.00135544
1790046000,4e-06,long,0.00135408
1790049600,4e-06,long,0.00135448
1790053200,4e-06,long,0.00135656
1790056800,4e-06,long,0.00135824
1790060400,4e-06,long,0.00135788
1790064000,4e-06,long,0.00135904
1790067600,4e-06,long,0.00135904
1790071200,4e-06,long,0.00135844
1790074800,4e-06,long,0.00135696
1790078400,4e-06,long,0.00135920
1790082000,4e-06,long,0.00136112
1790085600,4e-06,long,0.00136240
1790089200,4e-06,long,0.00137076
1790092800,4e-06,long,0.00136860
1790096400,4e-06,long,0.00136872
1790100000,4e-06,long,0.00136420
1790103600,4e-06,long,0.00136096
1790107200,4e-06,long,0.00135888
1790110800,4e-06,long,0.00135968
1790114400,4e-06,long,0.00135956
1790118000,4e-06,long,0.00135976
1790121600,4e-06,long,0.00135960
1790125200,4e-06,long,0.00135876
1790128800,4e-06,long,0.00136140
1790132400,4e-06,long,0.00136120
1790136000,4e-06,long,0.00136196
1790139600,4e-06,long,0.00136056
1790143200,4e-06,long,0.00136124
1790146800,4e-06,long,0.00136188
1790150400,4e-06,long,0.00136232
1790154000,4e-06,long,0.00136040
1790157600,4e-06,long,0.00136016
1790161200,4e-06,long,0.00136072
1790164800,4e-06,long,0.00136260
1790168400,4e-06,long,0.00137244
1790172000,4e-06,long,0.00134976
1790175600,4e-06,long,0.00135256
1790179200,4e-06,long,0.00134792
1790182800,4e-06,long,0.00134740
1790186400,4e-06,long,0.00135024
1790190000,4e-06,long,0.00134848
1790193600,4e-06,long,0.00134760
1790197200,4e-06,long,0.00134748
1790200800,4e-06,long,0.00134808
1790204400,4e-06,long,0.00134852
1790208000,4e-06,long,0.00134760
1790211600,4e-06,long,0.00134608
1790215200,4e-06,long,0.00134724
1790218800,4e-06,long,0.00134608
1790222400,4e-06,long,0.00134408
1790226000,4e-06,long,0.00134516
1790229600,4e-06,long,0.00134380
1790233200,4e-06,long,0.00134424
1790236800,4e-06,long,0.00134244
1790240400,4e-06,long,0.00134228
1790244000,4e-06,long,0.00134440
1790247600,4e-06,long,0.00134760
1790251200,4e-06,long,0.00134740
1790254800,4e-06,long,0.00134720
1790258400,4e-06,long,0.00134932
1790262000,4e-06,long,0.00134496
1790265600,4e-06,long,0.00134612
1790269200,4e-06,long,0.00135396
1790272800,4e-06,long,0.00134888
1790276400,4e-06,long,0.00134904
1790280000,4e-06,long,0.00134380
1790283600,4e-06,long,0.00134316
1790287200,4e-06,long,0.00134364
1790290800,4e-06,long,0.00134376
1790294400,4e-06,long,0.00134336
1790298000,4e-06,long,0.00134272
1790301600,4e-06,long,0.00134340
1790305200,4e-06,long,0.00134348
1790308800,4e-06,long,0.00134200
1790312400,4e-06,long,0.00134024
1790316000,4e-06,long,0.00134220
1790319600,4e-06,long,0.00134240
1790323200,4e-06,long,0.00134456
1790326800,4e-06,long,0.00134476
1790330400,4e-06,long,0.00134388
1790334000,4e-06,long,0.00134424
1790337600,4e-06,long,0.00134464
1790341200,4e-06,long,0.00134444
1790344800,4e-06,long,0.00134396
1790348400,4e-06,long,0.00135024
1790352000,4e-06,long,0.00135788
1790355600,4e-06,long,0.00135704
1790359200,4e-06,long,0.00135984
1790362800,4e-06,long,0.00136080
1790366400,4e-06,long,0.00136388
1790370000,4e-06,long,0.00136476
1790373600,4e-06,long,0.00136460
1790377200,4e-06,long,0.00136472
1790380800,4e-06,long,0.00136572
1790384400,4e-06,long,0.00136496
1790388000,4e-06,long,0.00136396
1790391600,4e-06,long,0.00136384
1790395200,4e-06,long,0.00136380
1790398800,4e-06,long,0.00136412
1790402400,4e-06,long,0.00136424
1790406000,4e-06,long,0.00136352
1790409600,4e-06,long,0.00136208
1790413200,4e-06,long,0.00136124
1790416800,4e-06,long,0.00136100
1790420400,4e-06,long,0.00136092
1790424000,4e-06,long,0.00136088
1790427600,4e-06,long,0.00136048
1790431200,4e-06,long,0.00136092
1790434800,4e-06,long,0.00136076
1790438400,4e-06,long,0.00136116
1790442000,4e-06,long,0.00136104
1790445600,4e-06,long,0.00136088
1790449200,4e-06,long,0.00136128
1790452800,4e-06,long,0.00136112
1790456400,4e-06,long,0.00136040
1790460000,4e-06,long,0.00136080
1790463600,4e-06,long,0.00136100
1790467200,4e-06,long,0.00136100
1790470800,4e-06,long,0.00136124
1790474400,4e-06,long,0.00136160
1790478000,4e-06,long,0.00136156
1790481600,4e-06,long,0.00136132
1790485200,4e-06,long,0.00136144
1790488800,4e-06,long,0.00136168
1790492400,4e-06,long,0.00136152
1790496000,4e-06,long,0.00136204
1790499600,4e-06,long,0.00136304
1790503200,4e-06,long,0.00136360
1790506800,4e-06,long,0.00136344
1790510400,4e-06,long,0.00136332
1790514000,4e-06,long,0.00136304
1790517600,4e-06,long,0.00136148
1790521200,4e-06,long,0.00136076
1790524800,4e-06,long,0.00136140
1790528400,4e-06,long,0.00136168
1790532000,4e-06,long,0.00136224
1790535600,4e-06,long,0.00136248
1790539200,4e-06,long,0.00136288
1790542800,4e-06,long,0.00136260
1790546400,4e-06,long,0.00136192
1790550000,4e-06,long,0.00135920
1790553600,4e-06,long,0.00135952
1790557200,4e-06,long,0.00136044
1790560800,4e-06,long,0.00136128
1790564400,4e-06,long,0.00136096
1790568000,4e-06,long,0.00136080
1790571600,4e-06,long,0.00136072
1790575200,4e-06,long,0.00136200
1790578800,4e-06,long,0.00136256
1790582400,4e-06,long,0.00136280
1790586000,4e-06,long,0.00136208
1790589600,4e-06,long,0.00136212
1790593200,4e-06,long,0.00136160
1790596800,4e-06,long,0.00135872
1790600400,4e-06,long,0.00136124
1790604000,4e-06,long,0.00136896
1790607600,4e-06,long,0.00135784
1790611200,4e-06,long,0.00136472
1790614800,4e-06,long,0.00136352
1790618400,4e-06,long,0.00135776
1790622000,4e-06,long,0.00135688
1790625600,4e-06,long,0.00135388
