utc,label,block,pool,usd_to_push_up_2pct,usd_to_push_down_2pct
2026-09-26T15:57:43+00:00,weekend,73207817,NVDA_USDG_500,1117068,1431472
2026-09-26T15:57:43+00:00,weekend,73207817,NVDA_WETH_500,140708,112713
2026-09-26T15:57:43+00:00,weekend,73207817,SPY_WETH_500,216378,180084
2026-09-26T15:57:43+00:00,weekend,73207817,SPY_USDG_500,98317,126243
2026-09-26T15:57:43+00:00,weekend,73207817,AAPL_WETH_500,48564,39128
2026-09-26T15:57:43+00:00,weekend,73207817,AAPL_USDG_500,97186,98564
2026-09-27T19:08:49+00:00,weekend,74177271,NVDA_USDG_500,923398,1535860
2026-09-27T19:08:49+00:00,weekend,74177271,NVDA_WETH_500,130627,106536
2026-09-27T19:08:49+00:00,weekend,74177271,SPY_WETH_500,212954,179323
2026-09-27T19:08:49+00:00,weekend,74177271,SPY_USDG_500,89505,128599
2026-09-27T19:08:49+00:00,weekend,74177271,AAPL_WETH_500,49543,37685
2026-09-27T19:08:49+00:00,weekend,74177271,AAPL_USDG_500,91429,96807
2026-09-28T17:02:07+00:00,weekday,74961179,NVDA_USDG_500,560599,948039
2026-09-28T17:02:07+00:00,weekday,74961179,NVDA_WETH_500,104944,117525
2026-09-28T17:02:07+00:00,weekday,74961179,SPY_WETH_500,214582,170858
2026-09-28T17:02:07+00:00,weekday,74961179,SPY_USDG_500,110752,123226
2026-09-28T17:02:07+00:00,weekday,74961179,AAPL_WETH_500,54971,37889
2026-09-28T17:02:07+00:00,weekday,74961179,AAPL_USDG_500,89478,97477
