ticker,date,session,yahoo_time_et
AAPL,2016-10-25,amc,16:00
AAPL,2017-01-31,amc,16:00
AAPL,2017-05-02,amc,16:00
AAPL,2017-08-01,amc,16:00
AAPL,2017-11-02,amc,16:00
AAPL,2018-02-01,amc,16:00
AAPL,2018-05-01,amc,16:00
AAPL,2018-07-31,amc,16:00
AAPL,2018-11-01,amc,16:00
AAPL,2019-01-29,amc,16:00
AAPL,2019-04-30,amc,16:00
AAPL,2019-07-30,amc,16:00
AAPL,2019-10-30,amc,16:00
AAPL,2020-01-28,amc,16:00
AAPL,2020-04-30,amc,17:00
AAPL,2020-07-30,amc,16:00
AAPL,2020-10-29,amc,16:00
AAPL,2021-01-27,amc,16:00
AAPL,2021-04-28,amc,16:00
AAPL,2021-07-27,amc,16:00
AAPL,2021-10-28,amc,16:00
AAPL,2022-01-27,amc,16:00
AAPL,2022-04-28,amc,16:00
AAPL,2022-07-28,amc,16:00
AAPL,2022-10-27,amc,16:00
AAPL,2023-02-02,amc,16:00
AAPL,2023-05-04,amc,16:00
AAPL,2023-08-03,amc,16:00
AAPL,2023-11-02,amc,16:00
AAPL,2024-02-01,amc,16:00
AAPL,2024-05-02,amc,16:00
AAPL,2024-08-01,amc,16:00
AAPL,2024-10-31,amc,16:00
AAPL,2025-01-30,amc,16:00
AAPL,2025-05-01,amc,16:00
AAPL,2025-07-31,amc,16:00
AAPL,2025-10-30,amc,16:00
AAPL,2026-01-29,amc,16:00
AAPL,2026-04-30,amc,16:00
AAPL,2026-07-30,amc,16:00
NVDA,2016-11-10,amc,16:00
NVDA,2017-02-09,amc,16:00
NVDA,2017-05-09,amc,16:00
NVDA,2017-08-10,amc,16:00
NVDA,2017-11-09,amc,16:00
NVDA,2018-02-08,amc,16:00
NVDA,2018-05-10,amc,16:00
NVDA,2018-08-16,amc,16:00
NVDA,2018-11-15,amc,16:00
NVDA,2019-02-14,amc,16:00
NVDA,2019-05-16,amc,16:00
NVDA,2019-08-15,amc,16:00
NVDA,2019-11-14,amc,16:00
NVDA,2020-02-13,amc,16:00
NVDA,2020-05-21,amc,16:00
NVDA,2020-08-19,amc,16:00
NVDA,2020-11-18,amc,16:00
NVDA,2021-02-24,amc,16:00
NVDA,2021-05-26,amc,16:00
NVDA,2021-08-18,amc,16:00
NVDA,2021-11-17,amc,16:00
NVDA,2022-02-16,amc,16:00
NVDA,2022-05-25,amc,16:00
NVDA,2022-08-24,amc,16:00
NVDA,2022-11-16,amc,16:00
NVDA,2023-02-22,amc,16:00
NVDA,2023-05-24,amc,16:00
NVDA,2023-08-23,amc,16:00
NVDA,2023-11-21,amc,16:00
NVDA,2024-02-21,amc,16:00
NVDA,2024-05-22,amc,16:00
NVDA,2024-08-28,amc,16:00
NVDA,2024-11-20,amc,16:00
NVDA,2025-02-26,amc,16:00
NVDA,2025-05-28,amc,16:00
NVDA,2025-08-27,amc,16:00
NVDA,2025-11-19,amc,16:00
NVDA,2026-02-25,amc,16:00
NVDA,2026-05-20,amc,16:00
NVDA,2026-08-26,amc,16:00
