round_id,answer,started_at,updated_at
18446744073709551617,1000000000000000000,1780679310,1780684397
18446744073709551618,1000000000000000000,1780684345,1780684469
18446744073709551619,1000000000000000000,1780770862,1780770875
18446744073709551620,1000000000000000000,1780857272,1780857284
18446744073709551621,1000000000000000000,1780943696,1780943708
18446744073709551622,1000000000000000000,1781030099,1781030111
18446744073709551623,1000000000000000000,1781116501,1781116514
18446744073709551624,1000000000000000000,1781202918,1781202930
18446744073709551625,1000000000000000000,1781289336,1781289348
18446744073709551626,1000000000000000000,1781375753,1781375765
18446744073709551627,1000000000000000000,1781462170,1781462182
18446744073709551628,1000000000000000000,1781548589,1781548601
18446744073709551629,1000000000000000000,1781635005,1781635018
18446744073709551630,1000000000000000000,1781721428,1781721501
18446744073709551631,1000000000000000000,1781807890,1781807903
18446744073709551632,1000000000000000000,1781894306,1781894318
18446744073709551633,1000000000000000000,1781980731,1781980743
18446744073709551634,1000000000000000000,1782067155,1782067168
18446744073709551635,1000000000000000000,1782153581,1782153593
18446744073709551636,1000000000000000000,1782240008,1782240021
18446744073709551637,1000000000015439047,1782326421,1782326433
18446744073709551638,1000000000015439047,1782412823,1782412835
18446744073709551639,1000127179396402374,1782499225,1782499238
18446744073709551640,1000256975052390003,1782585651,1782585663
18446744073709551641,1000386648592888572,1782672077,1782672090
18446744073709551642,1000516340138569925,1782758505,1782758517
18446744073709551643,1000646013679114997,1782844933,1782844945
18446744073709551644,1000785008728606868,1782931362,1782931374
18446744073709551645,1000906394372951648,1783017764,1783017776
18446744073709551646,1001044814609915626,1783104168,1783104181
18446744073709551647,1001151389985052664,1783190586,1783190599
18446744073709551648,1001289970980155437,1783277000,1783277013
18446744073709551649,1001430983933921270,1783363406,1783363419
18446744073709551650,1001548357600884764,1783449823,1783449836
18446744073709551651,1001692353467162116,1783536249,1783536262
18446744073709551652,1001835630604938315,1783622656,1783622668
18446744073709551653,1001952691691785974,1783709068,1783709081
18446744073709551654,1002094941108359968,1783795486,1783795499
18446744073709551655,1002234861229951853,1783881912,1783881924
18446744073709551656,1002360813668506177,1783968326,1783968338
18446744073709551657,1002498269671142919,1784054733,1784054746
18446744073709551658,1002636927684163405,1784141135,1784141147
18446744073709551659,1002763844943768558,1784227562,1784227574
18446744073709551660,1002901074811477889,1784313966,1784313979
18446744073709551661,1003040819462826915,1784400395,1784400407
18446744073709551662,1003167878694026413,1784486810,1784486822
18446744073709551663,1003304796694854357,1784573224,1784573236
18446744073709551664,1003444492070859526,1784659645,1784659657
18446744073709551665,1003571200514613443,1784746046,1784746061
18446744073709551666,1003707858799424134,1784832454,1784832466
18446744073709551667,1003847090878442391,1784918854,1784918866
18446744073709551668,1003976661309464332,1785005254,1785005266
18446744073709551669,1004112414419427541,1785091665,1785091677
18446744073709551670,1004250891498465461,1785178072,1785178085
18446744073709551671,1004379277552916586,1785264474,1785264486
18446744073709551672,1004515573968157581,1785350902,1785350914
18446744073709551673,1004654684183473542,1785437308,1785437320
18446744073709551674,1004782623392999645,1785523710,1785523723
18446744073709551675,1004918803859845055,1785610136,1785610149
18446744073709551676,1005058682586110511,1785696564,1785696576
18446744073709551677,1005186571549082597,1785782979,1785782992
18446744073709551678,1005323200182600685,1785869394,1785869406
18446744073709551679,1005461891197756847,1785955795,1785955807
18446744073709551680,1005590869954916694,1786042222,1786042234
18446744073709551681,1005727704966761392,1786128649,1786128662
18446744073709551682,1005851563055585602,1786215051,1786215063
18446744073709551683,1005992247997259445,1786301464,1786301476
18446744073709551684,1006129388804304980,1786387872,1786387885
18446744073709551685,1006256296740158061,1786474277,1786474290
18446744073709551686,1006396676257204582,1786560684,1786560696
18446744073709551687,1006533762304622583,1786647110,1786647123
18446744073709551688,1006660186276054343,1786733513,1786733525
18446744073709551689,1006801333419659270,1786819939,1786819951
18446744073709551690,1006938044893370760,1786906364,1786906376
18446744073709551691,1007065382441466658,1786992765,1786992778
18446744073709551692,1007206526197905530,1787079191,1787079204
18446744073709551693,1007343351153097318,1787165605,1787165618
18446744073709551694,1007459485497566462,1787252032,1787252045
18446744073709551695,1007608781000729090,1787338433,1787338445
18446744073709551696,1007748448890559277,1787424835,1787424848
18446744073709551697,1007864184898147999,1787511236,1787511248
18446744073709551698,1008012564467099596,1787597649,1787597661
18446744073709551699,1008139417649069498,1787684053,1787684066
18446744073709551700,1008270254028655865,1787770466,1787770479
18446744073709551701,1008419500869921151,1787856892,1787856905
18446744073709551702,1008545409657524010,1787943317,1787943330
18446744073709551703,1008675710254451116,1788029743,1788029755
18446744073709551704,1008825082200869937,1788116170,1788116182
18446744073709551705,1008949745969910580,1788202583,1788202595
18446744073709551706,1009081302581178738,1788288989,1788289001
18446744073709551707,1009230290718171604,1788375415,1788375428
18446744073709551708,1009355395162317312,1788461841,1788461854
18446744073709551709,1009484365874765381,1788548267,1788548279
18446744073709551710,1009636149405674848,1788634692,1788634765
18446744073709551711,1009761381480322050,1788721178,1788721190
18446744073709551712,1009889961758271031,1788807600,1788807612
18446744073709551713,1010033468012977945,1788894025,1788894038
18446744073709551714,1010161525832641462,1788980436,1788980449
18446744073709551715,1010295399568964902,1789066849,1789066861
18446744073709551716,1010439650749882382,1789153267,1789153280
18446744073709551717,1010567979502059000,1789239694,1789239707
18446744073709551718,1010701649115268572,1789326120,1789326132
18446744073709551719,1010846178021647033,1789412532,1789412545
18446744073709551720,1010974200177864644,1789498934,1789498946
18446744073709551721,1011107712998623840,1789585334,1789585346
18446744073709551722,1011252485580213687,1789671751,1789671763
18446744073709551723,1011374427376345477,1789758152,1789758165
18446744073709551724,1011516784153428441,1789844578,1789844590
18446744073709551725,1011652153765169676,1789931004,1789931017
18446744073709551726,1011784963630351860,1790017426,1790017439
18446744073709551727,1011923304816679563,1790103852,1790103865
18446744073709551728,1012058842183886954,1790190267,1790190279
18446744073709551729,1012191560173267724,1790276688,1790276701
18446744073709551730,1012329910174884021,1790363114,1790363127
